global	targets	interference	deformation	deformation_sum	diff_global	diff_targets	diff_interference	diff_deformation
0.7671788682401607	0.742148458653943	5.214186840605503	0.02419262473001489	1.4515574838008936	H	H	M	M
0.7270702151011841	0.7198887880988648	6.849477681460854	0.021225366650386483	1.273521999023189	M	H	M	M
0.7448855966984609	0.7369817081158457	4.730280660636287	0.014146616990006834	0.8487970194004101	H	H	M	M
0.724029212409244	0.6639631250932968	3.6689603125194172	0.015134071495106876	0.9080442897064126	M	H	E	M
0.7020630473641042	0.6312703202303701	8.039877056178248	0.024121912746843454	1.4473147648106073	M	H	M	M
