global	targets	interference	deformation	deformation_sum	diff_global	diff_targets	diff_interference	diff_deformation
0.7227907035324775	0.6677500443390697	5.4754280970520535	0.0201915280602896	1.211491683617376	M	H	M	M
0.7292213194164154	0.6279536649517786	3.534034350749929	0.030067423014592552	1.8040453808755532	M	H	E	H
0.7256705345320451	0.6504336599846088	8.794352566119723	0.02428482490042794	1.4570894940256764	M	H	M	M
0.6983486024002515	0.6013968900494047	5.36059277355797	0.027587541532283634	1.655252491937018	M	M	M	M
0.7173435589505374	0.6552209252126926	4.770373463804948	0.01874183908142168	1.1245103448853009	M	H	M	M
