global	targets	interference	deformation	deformation_sum	diff_global	diff_targets	diff_interference	diff_deformation
0.7673195805959029	0.8028956071864425	3.3481548040354614	0.030254869197560708	1.8152921518536425	H	H	E	H
0.6945858888074217	0.6745036213247398	6.281651528675377	0.026028871637402005	1.5617322982441202	M	H	M	M
0.7531355823201046	0.697260349288291	6.537446352355003	0.010160033411875317	0.609602004712519	H	H	M	E
0.7591444542038167	0.7130413111128695	4.710206920979386	0.025276400330858755	1.5165840198515252	H	H	M	M
0.7503470845618104	0.6829005266435151	6.788251753234916	0.015088580721607205	0.9053148432964323	H	H	M	M
