global	targets	interference	deformation	deformation_sum	diff_global	diff_targets	diff_interference	diff_deformation
0.7571128449075462	0.6963788649165183	4.466284655390239	0.0154423087658746	0.926538525952476	H	H	M	M
0.6852211100965307	0.5916280822616354	3.096155824931907	0.02879863120333486	1.7279178722000916	M	M	E	M
0.6665833587591883	0.6212679977614659	4.870448182377162	0.026012478688463916	1.560748721307835	M	H	M	M
0.7536965379233048	0.675811723025143	5.079288936043846	0.019171258403805253	1.1502755042283153	H	H	M	M
0.7333523831471628	0.6051051048280135	4.459818425903145	0.022789893825608053	1.3673936295364832	M	M	M	M
