absolute_gain	relative_gain
0.13455011963535957	0.2037428456352079
0.11181869104445458	0.19049501565160495
0.10988149615136955	0.17354500961309113
0.1060252231325689	0.1539568990636228
0.10583263615182292	0.15164358076475817
