global	targets	interference	deformation	deformation_sum	diff_global	diff_targets	diff_interference	diff_deformation
0.594238091915146	0.5258417543265135	4.037469385549951	0.01126073074846121	0.6756438449076726	E	M	M	M
0.5817966035874454	0.4751714234316062	5.924669049141712	0.02450848706194219	1.4705092237165314	E	M	M	M
0.6055468219961002	0.5232769933744554	5.924136007646648	0.029800733345886073	1.7880440007531644	E	M	M	H
0.6358488684107191	0.5826429936048564	3.9582641952292703	0.024902927144178473	1.4941756286507084	M	M	E	M
0.6639332303378025	0.5920711960980835	10.446483290615182	0.017553876403455005	1.0532325842073003	M	M	H	M
