global	targets	interference	deformation	deformation_sum	diff_global	diff_targets	diff_interference	diff_deformation
0.7387631493188547	0.741801082995748	6.311200867021484	0.025531982094329646	1.5319189256597787	M	H	M	M
0.7464801624010096	0.6829708415702958	5.028186014090569	0.021617681670239572	1.2970609002143743	H	H	M	M
0.6900028454374882	0.6948057886209846	7.6056473892958	0.030835198960575738	1.8501119376345443	M	H	M	H
0.7141710334308953	0.5981619491470714	8.090913690950952	0.0277407528040081	1.664445168240486	M	M	M	M
0.7166834659597717	0.6716343460758295	5.7224858899617645	0.02525087821729534	1.5150526930377204	M	H	M	M
