absolute_gain	relative_gain
0.18795751713369946	0.3013518725631695
0.18528230697207004	0.24665616784503966
0.16390350231072176	0.26167536265034064
0.15978196077591755	0.23409815168245188
0.15824778582601123	0.2574112098213123
