global	targets	interference	deformation	deformation_sum	diff_global	diff_targets	diff_interference	diff_deformation
0.6207962849147164	0.43575693180937036	4.4950649889575995	0.014088211071090984	0.845292664265459	E	E	M	M
0.6974155940727412	0.5658941529187388	6.424814658548119	0.023735978941588645	1.4241587364953188	M	M	M	M
0.6431307760389905	0.46245849314291637	4.980387930407233	0.022448593442527774	1.3469156065516665	M	E	M	M
0.6535325464781994	0.5227606378203229	3.472632101154611	0.02676818098380435	1.606090859028261	M	M	E	M
0.7273337938477735	0.4565187036981336	3.1502838202193857	0.012163716855854063	0.7298230113512437	M	E	E	M
