absolute_gain	relative_gain
0.10821441409937094	0.15318136813197644
0.10512653006646933	0.15242108555203143
0.1036877602400581	0.1652096092932055
0.1014370349886905	0.15457075110190874
0.09976068694481732	0.15584216856817656
