global	targets	interference	deformation	deformation_sum	diff_global	diff_targets	diff_interference	diff_deformation
0.6324515305573272	0.5982319077936198	6.126098272162194	0.02626345819199604	1.5758074915197624	M	M	M	M
0.667556796238013	0.5845846715414124	3.6400957283139417	0.030226872636067083	1.8136123581640249	M	M	E	H
0.5963499113809262	0.5239256133624326	5.6628408055993065	0.027665113050956976	1.6599067830574186	E	M	M	M
0.6280994860424512	0.5548128328909894	2.2618198814856987	0.01266711932122298	0.7600271592733788	E	M	E	M
0.6268803222845304	0.5403785504732941	5.691412034534109	0.01460080154876025	0.876048092925615	E	M	M	M
