global	targets	interference	deformation	deformation_sum	diff_global	diff_targets	diff_interference	diff_deformation
0.6937053522306807	0.6912277450034802	14.430211256544704	0.019541862404373757	1.1725117442624253	M	H	H	M
0.765629375877705	0.6862202244134081	8.291578612648236	0.011937262356140987	0.7162357413684592	H	H	M	M
0.7758422497185505	0.7405452791278193	4.192206974053739	0.03149424006750295	1.8896544040501768	H	H	M	H
0.6234887006459373	0.6490630135275934	8.74246582560444	0.012243499000931152	0.7346099400558691	E	H	M	M
0.678798672825667	0.638800658339141	6.961954889665753	0.023741188048634853	1.4244712829180912	M	H	M	M
