global	targets	interference	deformation	deformation_sum	diff_global	diff_targets	diff_interference	diff_deformation
0.7753887104037541	0.684730483767666	4.782093971350136	0.023502648178798158	1.4101588907278895	H	H	M	M
0.7281564070130159	0.7003072871762046	6.791214705798708	0.025037913068747072	1.5022747841248243	M	H	M	M
0.6927396150751004	0.6680293915972625	5.744551015101336	0.028429339546811556	1.7057603728086934	M	H	M	M
0.6921772761812377	0.6695112535901585	6.275116864748658	0.023053869342146538	1.3832321605287923	M	H	M	M
0.7473979915397562	0.6620046421101752	3.7532062512511	0.031991253113811284	1.9194751868286772	H	H	E	H
