global	targets	interference	deformation	deformation_sum	diff_global	diff_targets	diff_interference	diff_deformation
0.770615807601344	0.8154523464309643	6.212498604179502	0.03285948422563015	1.9715690535378088	H	H	M	H
0.7570315934131665	0.7135107510489261	7.8729517833052975	0.02830538207338916	1.6983229244033495	H	H	M	M
0.6716958618015302	0.6935072561293008	4.127064377782289	0.020307554688205155	1.2184532812923092	M	H	M	M
0.7345479545589206	0.6610823379324965	5.7680317183449334	0.02488542632715945	1.493125579629567	M	H	M	M
0.7417110713953868	0.6477322679829206	7.440509935906871	0.02148974828997781	1.2893848973986686	H	H	M	M
