absolute_gain	relative_gain
0.2075156157776204	0.31239115665326206
0.18286468115911336	0.27854082395428453
0.17803547764544447	0.2834926547768027
0.16990953206901038	0.24244495224467444
0.16664394988677927	0.25358570664865643
