global	targets	interference	deformation	deformation_sum	diff_global	diff_targets	diff_interference	diff_deformation
0.513319982631389	0.45676572304386215	4.687093630976035	0.009108986358631303	0.5465391815178782	E	E	M	E
0.5324781051577426	0.4736447617408114	9.462948075127184	0.018081180411142157	1.0848708246685295	E	M	H	M
0.5633584823332441	0.44997189625147016	3.100300709829144	0.022104694418479117	1.326281665108747	E	E	E	M
0.5686855655561758	0.5309074183187147	4.450787595708088	0.029407483883293794	1.7644490329976277	E	M	M	H
0.5878473519587496	0.4905064553514183	4.873425748541797	0.027171947789207253	1.6303168673524353	E	M	M	M
