global	targets	interference	deformation	deformation_sum	diff_global	diff_targets	diff_interference	diff_deformation
0.7607791714897463	0.7686029911547257	3.7243958542628945	0.025705562901181978	1.5423337740709187	H	H	E	M
0.702514602527876	0.6912106186472522	3.645473021505829	0.03508203529406581	2.1049221176439485	M	H	E	H
0.7162294763850567	0.722437005900332	4.779286066179403	0.032633040623153795	1.9579824373892278	M	H	M	H
0.7047316712745896	0.60378358470555	6.528751267195535	0.030371231537085187	1.8222738922251112	M	M	M	H
0.740177880073882	0.7561809042259415	9.697073170756257	0.02572600499719619	1.5435602998317715	H	H	H	M
