absolute_gain	relative_gain
0.19534706385568767	0.2831556446561652
0.18428206798260927	0.2798631008283205
0.17807943291927442	0.245472347525153
0.1756674767906038	0.2485051824127492
0.16940137901902902	0.2595109411679375
