global	targets	interference	deformation	deformation_sum	diff_global	diff_targets	diff_interference	diff_deformation
0.5363498956279208	0.49454581853024127	5.7583197711931655	0.015033344532229804	0.9020006719337883	E	M	M	M
0.5143833027795546	0.4741901187300487	3.9607249625550667	0.024717384675659364	1.4830430805395618	E	M	E	M
0.587032276001324	0.5473767527353114	6.327483827382475	0.02054273939707056	1.2325643638242336	E	M	M	M
0.5566209476509044	0.5312291564507617	5.800968893972518	0.03502301240520877	2.101380744312526	E	M	M	H
0.5682893365289539	0.4833702469349002	5.581755970129161	0.026088296410298365	1.565297784617902	E	M	M	M
