absolute_gain	relative_gain
0.1943548155191473	0.283281209306787
0.17798858405991957	0.2438772456226003
0.1706945710954227	0.25938982140022454
0.16988888802824054	0.2444344235635054
0.15971787850475977	0.2516375914795382
