global	targets	interference	deformation	deformation_sum	diff_global	diff_targets	diff_interference	diff_deformation
0.5784436021297245	0.4917295738928787	4.5957461683056176	0.029751390849205382	1.785083450952323	E	M	M	H
0.7149617405659889	0.5518399967309127	5.818465465676173	0.02254300582242808	1.3525803493456847	M	M	M	M
0.6534569958380041	0.4873673766478936	5.356711411475205	0.031359915085519684	1.8815949051311809	M	M	M	H
0.609619813282311	0.5251396008052992	5.831835429431814	0.025084000207995137	1.5050400124797083	E	M	M	M
0.6214468974545316	0.47499602717871275	4.393728658255495	0.021520892755713093	1.2912535653427855	E	M	M	M
