global	targets	interference	deformation	deformation_sum	diff_global	diff_targets	diff_interference	diff_deformation
0.6869080363134141	0.687071856509195	6.195075151718389	0.014826192441681589	0.8895715465008953	M	H	M	M
0.7622540544151415	0.7030567694052429	3.849363842152	0.011947733846810894	0.7168640308086537	H	H	E	M
0.7395979261472702	0.6870542804825054	5.452348346030149	0.02695117913462537	1.6170707480775222	M	H	M	M
0.6595842498371591	0.605333250984722	2.9508289380885	0.02863767168602278	1.7182603011613669	M	M	E	M
0.7062510978654735	0.6448330652261348	5.540098774769487	0.0228458010542522	1.3707480632551319	M	H	M	M
