absolute_gain	relative_gain
0.19440643449450845	0.2791024276964353
0.19249401227819318	0.30990778697771915
0.17684965018412513	0.2986989167579666
0.17512709027069817	0.24649548667977608
0.17131537806502045	0.2751405337049127
