global	targets	interference	deformation	deformation_sum	diff_global	diff_targets	diff_interference	diff_deformation
0.5438598197390275	0.5021351043915449	6.199201169839289	0.017035245144758203	1.0221147086854923	E	M	M	M
0.5534829559557486	0.4286391775504076	4.334237928480113	0.02091555344987354	1.2549332069924124	E	E	M	M
0.5456625062337779	0.4152169435070231	5.578506816316448	0.025945224835666095	1.5567134901399657	E	E	M	M
0.5861869607004297	0.5353406453848716	3.868676951469398	0.02910170238773085	1.746102143263851	E	M	E	H
0.5162567728700121	0.4513314408466402	4.196596277909202	0.02477340249525547	1.4864041497153282	E	E	M	M
