global	targets	interference	deformation	deformation_sum	diff_global	diff_targets	diff_interference	diff_deformation
0.7526709538684602	0.673734181588177	4.377994433462315	0.02616992250940348	1.5701953505642088	H	H	M	M
0.7510993672143175	0.6130951001413258	6.432250304493408	0.01684515899159543	1.0107095394957257	H	H	M	M
0.7465373979366211	0.6152167705129441	4.000350108458209	0.026439222674630728	1.5863533604778437	H	H	M	M
0.7166679146420079	0.6369696548561669	4.7518302526167675	0.03310096114422873	1.986057668653724	M	H	M	H
0.7392297048702852	0.6543303230344832	12.50573754902812	0.02490920669323958	1.4945524015943747	M	H	H	M
