absolute_gain	relative_gain
0.22626050890542138	0.3267828075715618
0.19187714925736388	0.2953636727599516
0.18947176262260046	0.26647066515663864
0.17696258594520758	0.2641073414937643
0.16805949592245295	0.25838523938571845
