global	targets	interference	deformation	deformation_sum	diff_global	diff_targets	diff_interference	diff_deformation
0.5614961536719225	0.466127534966418	2.3537606870654284	0.00894111128414094	0.5364666770484564	E	E	E	E
0.5524643184245446	0.4577530082512291	5.957145110477473	0.013512780013611737	0.8107668008167043	E	E	M	M
0.5882162282483385	0.521569966909706	2.9742540156386075	0.004710612799497387	0.2826367679698432	E	M	E	E
0.5502001962555595	0.49307780348253477	5.298363565070662	0.0167698729746177	1.006192378477062	E	M	M	M
0.5593358818296985	0.4823627043626536	6.919771633014718	0.02715924980594442	1.6295549883566651	E	M	M	M
