absolute_gain	relative_gain
0.22833831130320237	0.2970822569401582
0.19250278483162975	0.27850090788299986
0.17210060146444706	0.23822229489748784
0.16022380739606484	0.26536628595857226
0.15496487322317065	0.20493095284097287
