global	targets	interference	deformation	deformation_sum	diff_global	diff_targets	diff_interference	diff_deformation
0.6948031081630635	0.5402646798515234	3.1100360301200145	0.023984772235487638	1.4390863341292583	M	M	E	M
0.7034477642963702	0.49870783381562245	2.9243093912895533	0.028379503210580474	1.7027701926348284	M	M	E	M
0.6857037824772988	0.5503364044358849	4.3337761728457735	0.022722069633373265	1.363324178002396	M	M	M	M
0.5655476534997639	0.4435597773094852	5.634954146347796	0.02959699724821043	1.775819834892626	E	E	M	H
0.6234951099791378	0.6012160310027709	7.638080163561701	0.02532181860741524	1.5193091164449144	E	M	M	M
