global	targets	interference	deformation	deformation_sum	diff_global	diff_targets	diff_interference	diff_deformation
0.7584269098778865	0.7082578642431567	6.036601034509737	0.028818638561955174	1.7291183137173105	H	H	M	M
0.7419994917787699	0.7177470757809186	4.75417473367088	0.02842636075733907	1.7055816454403443	H	H	M	M
0.7343842696980448	0.7113918865112857	7.946503159117844	0.033178196872869874	1.9906918123721926	M	H	M	H
0.7337518756864068	0.6589971545954343	4.426646713684479	0.010832669174661491	0.6499601504796895	M	H	M	E
0.7277289295168505	0.6639378926774031	3.7674170523037063	0.018694417618294382	1.121665057097663	M	H	E	M
