absolute_gain	relative_gain
0.226023238275309	0.3212278572592864
0.17416863600402677	0.2529695553463245
0.1704684087961585	0.2622117701244503
0.16633617882438134	0.27428868238453796
0.15557800388691267	0.2519246620914799
