global	targets	interference	deformation	deformation_sum	diff_global	diff_targets	diff_interference	diff_deformation
0.5630074306139067	0.4775995427740606	3.991161559884318	0.012622991880263133	0.757379512815788	E	M	E	M
0.5009075962666161	0.5143277949818427	6.375337107438995	0.0287989687212051	1.7279381232723061	E	M	M	M
0.5632424981566341	0.4796488941580575	7.232440188783752	0.021911119142217717	1.314667148533063	E	M	M	M
0.5268389909031869	0.44009124420427637	8.762011216786602	0.019985381440118775	1.1991228864071264	E	E	M	M
0.5473670258280792	0.4619796524191562	6.446208736097495	0.010888379634931732	0.653302778095904	E	E	M	E
