global	targets	interference	deformation	deformation_sum	diff_global	diff_targets	diff_interference	diff_deformation
0.6841276357169962	0.597736186571036	6.5352030791542	0.02017935485050863	1.2107612910305177	M	M	M	M
0.7544975708950048	0.6525899737815685	7.55767932972731	0.024715988836483033	1.482959330188982	H	H	M	M
0.7223900746586018	0.7135447679273271	3.5734965221814887	0.016875534994488423	1.0125320996693055	M	H	E	M
0.6974073221864713	0.6220718112398455	2.4481890401528053	0.03196074044624904	1.9176444267749422	M	H	E	H
0.7554020083930848	0.6088090242286416	6.002720501213832	0.024398941636785684	1.463936498207141	H	M	M	M
