absolute_gain	relative_gain
0.22259619451504492	0.3196481193347671
0.20654852199649704	0.34911886063101916
0.2017228646098328	0.32469540574546657
0.20104977378108335	0.29749376480349016
0.2007796165049739	0.3318094904554485
