global	targets	interference	deformation	deformation_sum	diff_global	diff_targets	diff_interference	diff_deformation
0.5348471813608952	0.4737826704014734	4.1170454357840525	0.013704631834259523	0.8222779100555714	E	M	M	M
0.5403083786378816	0.3850795602651384	2.6027350842573465	0.020049733724191283	1.202984023451477	E	E	E	M
0.5885864993048043	0.4195451331516331	3.4184646477756986	0.02200815431355986	1.3204892588135917	E	E	E	M
0.576116746770761	0.4747619492440597	4.71641212836492	0.017633490559570784	1.058009433574247	E	M	M	M
0.5712267474312311	0.4043254883230396	3.881095383719286	0.02130681517586095	1.278408910551657	E	E	E	M
