global	targets	interference	deformation	deformation_sum	diff_global	diff_targets	diff_interference	diff_deformation
0.7529267007864147	0.7064463218929907	6.196915800136347	0.026975286616648064	1.6185171969988839	H	H	M	M
0.7759368719184706	0.6897112016078817	3.815717739988083	0.03087809309430011	1.8526855856580067	H	H	E	H
0.6673119096088161	0.6276133736024907	5.708368137911196	0.028682638067941017	1.720958284076461	M	H	M	M
0.6763790329647584	0.6562498678796799	2.3088985404165303	0.01634233421618486	0.9805400529710917	M	H	E	M
0.6876093998837015	0.6401392374181114	5.712930116401558	0.015532949521961029	0.9319769713176618	M	H	M	M
