absolute_gain	relative_gain
0.20412116462312174	0.29558484264813956
0.1798096292847891	0.29828573830678434
0.1757815616030841	0.24535100374412142
0.1711712836412978	0.28894379312202717
0.1698384292328448	0.25822221582458627
