global	targets	interference	deformation	deformation_sum	diff_global	diff_targets	diff_interference	diff_deformation
0.5160735769881677	0.48644592533454895	5.487266469176	0.013446621914847112	0.8067973148908267	E	M	M	M
0.5661152925524122	0.42300038203347395	6.925122523409772	0.012602299853333098	0.7561379911999858	E	E	M	M
0.6123077357176234	0.5406677657712117	5.3227491788680075	0.02567686179427237	1.5406117076563421	E	M	M	M
0.5072297783602611	0.42123211008382194	8.881895191042869	0.014986763250029534	0.899205795001772	E	E	M	M
0.5931588176774704	0.4878835591347955	8.281413602070266	0.02511275552841937	1.5067653317051624	E	M	M	M
