absolute_gain	relative_gain
0.11409187727128928	0.19160554547603945
0.11309201866283097	0.18749747806978037
0.1072015457258999	0.175195792866109
0.1037181029571479	0.1702991036899939
0.09934383388558904	0.17291721751871975
