global	targets	interference	deformation	deformation_sum	diff_global	diff_targets	diff_interference	diff_deformation
0.5715610548576657	0.48135997662902824	9.359826305672652	0.029963269813687028	1.7977961888212217	E	M	M	H
0.5702058334425516	0.4900735269598246	4.65654312814497	0.018102548418113974	1.0861529050868384	E	M	M	M
0.6164462718918473	0.5046941166763772	5.12314060275163	0.024683607580691366	1.481016454841482	E	M	M	M
0.5975948543684495	0.505316828582788	6.085554825000627	0.026916475592135097	1.6149885355281057	E	M	M	M
0.563090719072305	0.4751728933155888	5.092997481494513	0.028076428010429307	1.6845856806257584	E	M	M	M
