global	targets	interference	deformation	deformation_sum	diff_global	diff_targets	diff_interference	diff_deformation
0.6718670506037897	0.6905670899576707	5.948034285074049	0.013457971624919397	0.8074782974951638	M	H	M	M
0.7301582863255487	0.6028100113182631	7.434842634937834	0.013165116401012311	0.7899069840607387	M	M	M	M
0.7572442547350491	0.7164493273742958	5.645475807468312	0.029379655894347025	1.7627793536608214	H	H	M	H
0.6830417189458121	0.5924033937251197	9.151874082336002	0.01608469459534508	0.9650816757207048	M	M	M	M
0.7053836827187241	0.6577219883676403	8.657331815718443	0.02515162881885935	1.509097729131561	M	H	M	M
