absolute_gain	relative_gain
0.2247539091361201	0.32833893842581763
0.21067095771815503	0.34560209284337934
0.21029744061704114	0.3015283580145548
0.21017383499136205	0.2985208354678108
0.20708727451027636	0.32932065385170506
