global	targets	interference	deformation	deformation_sum	diff_global	diff_targets	diff_interference	diff_deformation
0.5394880344643366	0.45976407771513866	3.0652407142829787	0.017717945763531546	1.0630767458118928	E	E	E	M
0.5638845799212805	0.3989056683517205	2.9391029500756	0.02562964502588771	1.5377787015532627	E	E	E	M
0.5647177676432673	0.4871409097980467	5.4235901132137005	0.027745333312967087	1.6647199987780252	E	M	M	M
0.5897335716223667	0.4938769715863413	4.549613336829446	0.03105584224660185	1.863350534796111	E	M	M	H
0.5718856838274797	0.4217444494894243	4.434995648240821	0.025692958615473997	1.5415775169284398	E	E	M	M
