global	targets	interference	deformation	deformation_sum	diff_global	diff_targets	diff_interference	diff_deformation
0.7884751661634983	0.6681838724999553	6.942896290485915	0.013336233404433018	0.8001740042659811	H	H	M	M
0.62065851747019	0.6627357799268351	6.505404419056652	0.026751310300938084	1.605078618056285	E	H	M	M
0.7229107486503191	0.7043236833086921	6.1065630295632225	0.02288908563875165	1.373345138325099	M	H	M	M
0.689267117223555	0.6571641296615738	5.156292078885838	0.03268120832389922	1.9608724994339533	M	H	M	H
0.7504277793348624	0.6819609349829329	3.320500850188481	0.010829877067142673	0.6497926240285604	H	H	E	E
