global	targets	interference	deformation	deformation_sum	diff_global	diff_targets	diff_interference	diff_deformation
0.6729625972569082	0.5349678115972901	3.893672397687309	0.017116962836015402	1.0270177701609242	M	M	E	M
0.5915379273441004	0.46442682835490184	5.749304615178903	0.019616729534209794	1.1770037720525877	E	E	M	M
0.5965298424056491	0.45291988000395106	4.152474220018684	0.017465812253519165	1.0479487352111498	E	E	M	M
0.610458143387628	0.5211941768446186	7.6409981875472965	0.023748261741298897	1.4248957044779338	E	M	M	M
0.7152321468960865	0.49810882960857644	3.560270374829001	0.023836923742205297	1.4302154245323178	M	M	E	M
