global	targets	interference	deformation	deformation_sum	diff_global	diff_targets	diff_interference	diff_deformation
0.7474408929870078	0.6746169499971413	4.673829516294273	0.013953010469830178	0.8371806281898106	H	H	M	M
0.6579783077019864	0.6130252694438247	4.789309162488687	0.027398961344299904	1.6439376806579942	M	H	M	M
0.7496529012960111	0.6202490799380731	5.849356179021621	0.033255915725666156	1.9953549435399693	H	H	M	H
0.7438615418167858	0.5934330596633698	6.666950736479777	0.02965709700599286	1.7794258203595716	H	M	M	H
0.7164265724180949	0.6435335884591054	7.17546143780966	0.023646413732587437	1.4187848239552463	M	H	M	M
