absolute_gain	relative_gain
0.0	0.0
0.11402425216956491	0.15886996602145487
0.0	0.0
0.10226687518522481	0.16404565914696412
0.0	0.0
0.09804682896897299	0.15069903527652392
0.0	0.0
0.09634167210940559	0.13618666953004338
