absolute_gain	relative_gain
0.12490351994560656	0.19321289696538288
0.11914982819681158	0.19615411514563835
0.11849794464498853	0.15637280180677693
0.11674501815297689	0.1670722322584852
0.11660107626188876	0.17338216367055476
