global	targets	interference	deformation	deformation_sum	diff_global	diff_targets	diff_interference	diff_deformation
0.6009881399028785	0.5215518767041574	6.166365377991541	0.014103478624926506	0.8462087174955903	E	M	M	M
0.5632975674138535	0.4882798355058669	9.015143244099225	0.01718781244948107	1.0312687469688642	E	M	M	M
0.6343281213982923	0.6392933290025303	3.760590525585082	0.023314881936643442	1.3988929161986066	M	H	E	M
0.7191504907017021	0.5820247090172166	6.065246655680174	0.01551148377767733	0.9306890266606398	M	M	M	M
0.6624711586561762	0.5559079857627591	4.252867544700099	0.013666013724483004	0.8199608234689802	M	M	M	M
