absolute_gain	relative_gain
0.19324363717028148	0.2700909396986193
0.1886048712974414	0.29273692998073286
0.1730620372138214	0.22574772431267967
0.1716216548502204	0.25013699004681256
0.17156982620656613	0.26433203815493195
