global	targets	interference	deformation	deformation_sum	diff_global	diff_targets	diff_interference	diff_deformation
0.5482065828681704	0.5222325553518083	4.5931375235697995	0.030000425135137485	1.800025508108249	E	M	M	H
0.5482644503760828	0.45567622883520964	3.6340971321727693	0.019820775741255466	1.189246544475328	E	E	E	M
0.5585453773853221	0.5935549364045521	3.905539094182998	0.02592414694569807	1.5554488167418843	E	M	E	M
0.5599796019861787	0.5144890032259873	4.539208678292963	0.014001118651523503	0.8400671190914102	E	M	M	M
0.5684618580369895	0.47749953142462853	3.492414458352806	0.02054284281917732	1.232570569150639	E	M	E	M
