absolute_gain	relative_gain
0.1959346662749385	0.2758430363069703
0.17798244119766798	0.28147573370158696
0.1675134041926276	0.24991275320358125
0.16637903465772957	0.25161864697209874
0.16015736020154225	0.272758225791865
