global	targets	interference	deformation	deformation_sum	diff_global	diff_targets	diff_interference	diff_deformation
0.6863839138678073	0.6757115449215207	6.421021292314564	0.02936470625868799	1.7618823755212794	M	H	M	H
0.7767248276901904	0.6938024260541854	3.5273408677255205	0.02632951554522813	1.579770932713688	H	H	E	M
0.7158028051440112	0.6391121953293833	5.03051248814024	0.02674142536788049	1.6044855220728294	M	H	M	M
0.7256298596907552	0.6407687655385478	3.7170697917335636	0.0071104554506231	0.42662732703738604	M	H	E	E
0.7037004888588287	0.6767903128913885	5.452366124313195	0.01832486628167024	1.0994919769002145	M	H	M	M
