global	targets	interference	deformation	deformation_sum	diff_global	diff_targets	diff_interference	diff_deformation
0.5635766808871867	0.46826468364618	4.386385232599909	0.010883390155368237	0.6530034093220942	E	E	M	E
0.5739789121021477	0.493924514833404	4.73928711488547	0.008282107832616252	0.49692646995697515	E	M	M	E
0.5349300159179179	0.475528279350484	4.8338892937413815	0.00959933392696609	0.5759600356179654	E	M	M	E
0.5301241861102813	0.49001094008287627	4.832534769720662	0.0034211488518027305	0.20526893110816383	E	M	M	E
0.5321461151407083	0.5111192717920693	3.432787727155016	0.03094133749391905	1.8564802496351431	E	M	E	H
