absolute_gain	relative_gain
0.2518215663364496	0.34769582130315385
0.19853061320259352	0.2985220885965357
0.19612683973814649	0.2627641542898993
0.19189895639410953	0.28186772890024175
0.18728634395117472	0.285060947597665
