global	targets	interference	deformation	deformation_sum	diff_global	diff_targets	diff_interference	diff_deformation
0.5834697498376948	0.4724366815557156	4.598113173875374	0.027945358260502925	1.6767214956301755	E	M	M	M
0.5482671737715928	0.46651435595181784	3.4398075971183046	0.022673830799645158	1.3604298479787096	E	E	E	M
0.5826838277973636	0.5502719233205544	4.754287070426252	0.02964231432064161	1.7785388592384965	E	M	M	H
0.5545218913600858	0.48891312927046177	4.450462167573383	0.023968505702163877	1.4381103421298327	E	M	M	M
0.5761513657642134	0.4697182213164278	4.9754121334497565	0.020408912234108692	1.2245347340465216	E	E	M	M
