absolute_gain	relative_gain
0.19137477392019187	0.25691368619593086
0.1762994046187804	0.27935979828684443
0.16384388497245223	0.2478384550831502
0.16347615028140938	0.24155439318025865
0.1497257179655409	0.24304823701086184
