global	targets	interference	deformation	deformation_sum	diff_global	diff_targets	diff_interference	diff_deformation
0.650773422193659	0.5535243272286786	7.63985001285649	0.017304717804737055	1.0382830682842232	M	M	M	M
0.6232549169437972	0.4547842577403883	4.873067973965585	0.028302536180626156	1.6981521708375693	E	E	M	M
0.6415050827126306	0.4972475704172384	3.7478165941695254	0.01943656373999799	1.1661938243998795	M	M	E	M
0.6606649061410069	0.5132912979488374	6.833004314863479	0.025548981995648146	1.5329389197388887	M	M	M	M
0.7205578899357301	0.46630721363251737	5.267230094618103	0.02699004619859995	1.619402771915997	M	E	M	M
