absolute_gain	relative_gain
0.13557680669537264	0.21260346820643256
0.11359324816350425	0.18632551904042818
0.11145364887574127	0.14951740880912603
0.1082595491872762	0.1953440606277961
0.10050553829616621	0.1742431933148696
