global	targets	interference	deformation	deformation_sum	diff_global	diff_targets	diff_interference	diff_deformation
0.5791340277781369	0.502121194372658	5.747636118510254	0.021935685757523544	1.3161411454514127	E	M	M	M
0.5927872911240253	0.4960561908854605	2.398667904214518	0.02044052485719437	1.226431491431662	E	M	E	M
0.6409739783065217	0.633968906019007	2.8254073938575757	0.0099508963972329	0.597053783833974	M	H	E	E
0.5211483846024038	0.4459397893508499	4.40424193653771	0.015561880293696182	0.9337128176217709	E	E	M	M
0.6257960091991049	0.47630630946735414	8.945377252861595	0.02380172117612956	1.4281032705677736	E	M	M	M
