absolute_gain	relative_gain
0.1747425730694931	0.26581724650355515
0.16698673215457782	0.2522652570698396
0.15357678402546238	0.26161191290551017
0.1502246644291091	0.21810540800499947
0.14769162643226819	0.24261345550838087
