global	targets	interference	deformation	deformation_sum	diff_global	diff_targets	diff_interference	diff_deformation
0.666098315720217	0.4826360408766716	4.556023141859256	0.026951562917470372	1.6170937750482224	M	M	M	M
0.6715798958255124	0.49496225794494886	4.517489287990705	0.03287225042001108	1.9723350252006648	M	M	M	H
0.5218740169898657	0.43346370017806746	3.5349135164556214	0.03112070946394968	1.8672425678369808	E	E	E	H
0.7135022734709542	0.5385462642847062	5.208473721966669	0.018565554646779028	1.1139332788067418	M	M	M	M
0.5730565809150133	0.46106119860288863	8.314021789711594	0.02057542992543289	1.2345257955259734	E	E	M	M
