global	targets	interference	deformation	deformation_sum	diff_global	diff_targets	diff_interference	diff_deformation
0.7440759623743929	0.7357119390833678	4.883513275836725	0.033045117133549066	1.982707028012944	H	H	M	H
0.7183027635656358	0.683464795787893	5.010601855691801	0.03288662955247345	1.9731977731484072	M	H	M	H
0.7137225737659822	0.6602275216089446	4.483926578048949	0.01958572058503656	1.1751432351021935	M	H	M	M
0.7427102937723192	0.6628636941334581	6.517437767944313	0.029740303873931683	1.784418232435901	H	H	M	H
0.6984740924185496	0.5655839586503716	8.89509334765906	0.02446941786630927	1.4681650719785562	M	M	M	M
