global	targets	interference	deformation	deformation_sum	diff_global	diff_targets	diff_interference	diff_deformation
0.7494929902589413	0.6653625934032541	4.198144692216662	0.02343196034817412	1.4059176208904471	H	H	M	M
0.7734482120854537	0.7326866184777782	7.458285644596795	0.025067013332827574	1.5040207999696544	H	H	M	M
0.6894435392882392	0.6597236612427678	6.141443147449645	0.022807694286631628	1.3684616571978976	M	H	M	M
0.6811572765036725	0.5370368129084248	6.576188003503771	0.023974771765967153	1.4384863059580293	M	M	M	M
0.6907258653927758	0.64161950159645	3.8634266695853348	0.02621777256021062	1.5730663536126372	M	H	E	M
