absolute_gain	relative_gain
0.2103337241542505	0.3049349991996757
0.17090283135157175	0.25951183052707927
0.1637883348097669	0.2739835218824209
0.16021246289314311	0.2533857811332048
0.1539029432298904	0.23245921814971632
