global	targets	interference	deformation	deformation_sum	diff_global	diff_targets	diff_interference	diff_deformation
0.6141733903835735	0.4794320446367601	4.22754755260908	0.027860571244488822	1.6716342746693293	E	M	M	M
0.633951979673683	0.4876522372341688	6.212976472930768	0.02225131156694075	1.335078694016445	M	M	M	M
0.6584223882770263	0.4340152618607515	7.263363129837738	0.015600755581043865	0.9360453348626319	M	E	M	M
0.6937060313020569	0.4720742509730919	4.17519841879228	0.015649282646665867	0.9389569587999521	M	M	M	M
0.6870326788251612	0.508161329612878	8.098751594324913	0.023246795357003705	1.3948077214202224	M	M	M	M
