global	targets	interference	deformation	deformation_sum	diff_global	diff_targets	diff_interference	diff_deformation
0.7373211229570621	0.703964788471026	7.579119910222606	0.029875049070328636	1.7925029442197182	M	H	M	H
0.7108512400172146	0.6582710452028245	6.4032809323769575	0.013702760524242876	0.8221656314545726	M	H	M	M
0.6479000603710737	0.628431680180001	3.3589119758226427	0.03072192686210539	1.8433156117263234	M	H	E	H
0.7338599505959646	0.6151599963218645	6.283440642466041	0.020705771527377327	1.2423462916426395	M	H	M	M
0.6818395187669896	0.6376638675393471	5.168026841305612	0.024991878974604607	1.4995127384762765	M	H	M	M
