global	targets	interference	deformation	deformation_sum	diff_global	diff_targets	diff_interference	diff_deformation
0.6998072551255601	0.6965415388860533	6.500000057624788	0.018933377396523798	1.136002643791428	M	H	M	M
0.6935794112386271	0.6211331898286008	4.954567776916928	0.02126191176553905	1.275714705932343	M	H	M	M
0.7426846494070799	0.5920665936911482	6.199831439986483	0.028197802130063444	1.6918681278038066	H	M	M	M
0.7330170813031868	0.7104677356555698	4.012593087215121	0.032588848663553195	1.9553309198131916	M	H	M	H
0.6863438819864631	0.6226468189116606	4.562324218498255	0.025836569287510533	1.550194157250632	M	H	M	M
