global	targets	interference	deformation	deformation_sum	diff_global	diff_targets	diff_interference	diff_deformation
0.7779661861642677	0.7038069139148166	3.2809427302912297	0.03303241671432052	1.9819450028592311	H	H	E	H
0.7511541219657941	0.6714384941848387	6.131197383106047	0.034713071578136835	2.08278429468821	H	H	M	H
0.7537262027079904	0.7271698884664413	8.947853838391762	0.02780825504698757	1.6684953028192542	H	H	M	M
0.767190852739908	0.6661918190268694	5.586879939771977	0.016269646139035622	0.9761787683421372	H	H	M	M
0.7572627431170117	0.6846420769819674	6.2920409873020695	0.026216052394131894	1.5729631436479137	H	H	M	M
