global	targets	interference	deformation	deformation_sum	diff_global	diff_targets	diff_interference	diff_deformation
0.7483580474317283	0.7264802781473896	5.324330056529896	0.018483526844685388	1.1090116106811232	H	H	M	M
0.7221102908657617	0.7522169483939877	7.300192630489631	0.023646632817151104	1.4187979690290662	M	H	M	M
0.761094599369148	0.6989288575375031	3.842637631427041	0.021275238252261748	1.276514295135705	H	H	E	M
0.7334279314608874	0.6284599662875721	5.160285921723233	0.01986570877342813	1.1919425264056878	M	H	M	M
0.754010870557002	0.660643645975074	6.268885460179408	0.029077537671238256	1.7446522602742953	H	H	M	H
