absolute_gain	relative_gain
0.11308353170254504	0.15738945029579351
0.10023976316121308	0.1641458798362498
0.09870044539003087	0.16359224247954696
0.09853958105388638	0.16146077275619475
0.09852473193458577	0.14520093362728095
