global	targets	interference	deformation	deformation_sum	diff_global	diff_targets	diff_interference	diff_deformation
0.6475147724882809	0.6054114594802749	2.644817692394513	0.012133658701729479	0.7280195221037687	M	M	E	M
0.6464115109018942	0.5104351027642139	4.318934323316867	0.01362870480378174	0.8177222882269044	M	M	M	M
0.5704170459626005	0.5046316191017853	5.096434530526104	0.026546497511596056	1.5927898506957634	E	M	M	M
0.6482245512099483	0.5117608614113608	4.894259500965989	0.028847151834307798	1.7308291100584678	M	M	M	M
0.630578344197564	0.5800158908653391	7.068422468118125	0.0347317868426537	2.083907210559222	M	M	M	H
