global	targets	interference	deformation	deformation_sum	diff_global	diff_targets	diff_interference	diff_deformation
0.7558519042260092	0.6263629045820098	3.851757623902714	0.028458906751689057	1.7075344051013435	H	H	E	M
0.7793212382298953	0.6342017257701951	7.6582158917574015	0.02259053457971665	1.3554320747829989	H	H	M	M
0.7085832001435561	0.6091860596622636	4.986651593589101	0.019581962080051085	1.1749177248030651	M	M	M	M
0.731908471740775	0.7130837525439532	5.851730741968049	0.02323549367554894	1.3941296205329363	M	H	M	M
0.752480091384786	0.7563338876712287	3.246749967297397	0.008153601798375227	0.4892161079025136	H	H	E	E
