absolute_gain	relative_gain
0.11538212480925292	0.1601963040054206
0.1111513158944254	0.16226200242752012
0.10834079557246812	0.15909686923568006
0.10509346789925467	0.1679448110654497
0.10263728493257729	0.15545484901321263
