global	targets	interference	deformation	deformation_sum	diff_global	diff_targets	diff_interference	diff_deformation
0.6441551383679858	0.6048724748558474	2.3297842278097507	0.031217282572574702	1.873036954354482	M	M	E	H
0.6678610868018497	0.5738600498692563	6.291924016543458	0.015341850581262228	0.9205110348757337	M	M	M	M
0.68197266747463	0.5726329790401308	6.205786149082256	0.012993821736890251	0.779629304213415	M	M	M	M
0.5903593951514682	0.5206684549165609	3.113426323047205	0.025887790132747602	1.553267407964856	E	M	E	M
0.6806690017118183	0.5576012704041803	4.862651096341962	0.019788654531434493	1.1873192718860697	M	M	M	M
