absolute_gain	relative_gain
0.2511164556529927	0.33099070664317354
0.18733145133023582	0.2755329146889554
0.17140481035494848	0.2435948192885252
0.1702767076428876	0.24465485856237879
0.15646182746668852	0.24229599013383948
