global	targets	interference	deformation	deformation_sum	diff_global	diff_targets	diff_interference	diff_deformation
0.6360114559609679	0.5075648324102103	3.5642145593838066	0.014882440404912567	0.892946424294754	M	M	E	M
0.6289177658173553	0.492556291089617	6.702728215860499	0.024971685639806326	1.4983011383883795	E	M	M	M
0.6039169612843138	0.5322423807289002	5.677175690442189	0.016795875821855696	1.0077525493113417	E	M	M	M
0.5927500368192616	0.5257107280592027	4.907420957210694	0.026399881613789603	1.5839928968273762	E	M	M	M
0.6183909998069336	0.48928483709949816	7.639347450453623	0.024482328004758306	1.4689396802854984	E	M	M	M
