global	targets	interference	deformation	deformation_sum	diff_global	diff_targets	diff_interference	diff_deformation
0.7293101688233707	0.7448991011488705	8.7155082282447	0.01876278561097363	1.1257671366584179	M	H	M	M
0.7037497149232306	0.6310836623591687	4.967410902481007	0.03387584323691639	2.0325505942149835	M	H	M	H
0.7283403725559218	0.6610914553896906	4.322648915080787	0.020810316979014355	1.2486190187408612	M	H	M	M
0.7427125963224506	0.6767674482302468	6.907964583771557	0.029492645423179604	1.7695587253907763	H	H	M	H
0.7142092945219124	0.6160329315980583	5.518901586668775	0.03157320535036455	1.894392321021873	M	H	M	H
