global	targets	interference	deformation	deformation_sum	diff_global	diff_targets	diff_interference	diff_deformation
0.7330318342800106	0.6810751822274316	5.479050425038362	0.023898208659794314	1.4338925195876588	M	H	M	M
0.7499111486205757	0.6889194862213277	10.418577159120481	0.026688250377103186	1.601295022626191	H	H	H	M
0.6644410530003596	0.5824633846662693	3.060585976461808	0.03064011590087752	1.8384069540526513	M	M	E	H
0.7160280711415647	0.6870085286529531	3.527566139826382	0.03441493117807392	2.064895870684435	M	H	E	H
0.7405390728493825	0.635555557915324	5.803522118443641	0.013086102521741258	0.7851661513044755	H	H	M	M
