absolute_gain	relative_gain
0.16297557743294322	0.26810042051887273
0.1626262425753246	0.2665281224771314
0.16094501268152578	0.2477409016616527
0.15391492385209288	0.2575964212735151
0.15381662562268478	0.24486285660333312
