global	targets	interference	deformation	deformation_sum	diff_global	diff_targets	diff_interference	diff_deformation
0.5718445939824568	0.4449144703242578	4.783697801695582	0.021715949302575817	1.302956958154549	E	E	M	M
0.5867594979915504	0.4475391728557551	4.9299820918296255	0.015575082549314612	0.9345049529588767	E	E	M	M
0.551471859589713	0.48870553594420457	7.173187570832777	0.022234037009150002	1.3340422205490001	E	M	M	M
0.48554125261021325	0.4435891994240084	6.151401136748618	0.024257836709219667	1.45547020255318	E	E	M	M
0.5617213968142212	0.4743579687457083	5.373511836386268	0.018373268017483013	1.1023960810489808	E	M	M	M
