global	targets	interference	deformation	deformation_sum	diff_global	diff_targets	diff_interference	diff_deformation
0.731629130024895	0.758681288063203	4.254284153482963	0.015838872716489295	0.9503323629893576	M	H	M	M
0.7153104584351727	0.6798877424198528	8.139055662461306	0.026123220504789338	1.5673932302873603	M	H	M	M
0.7226576656201591	0.7036471910838487	7.467442929536506	0.01746023327596816	1.0476139965580895	M	H	M	M
0.7446547229919591	0.6959874357020903	5.151120329802364	0.02710447312918366	1.6262683877510196	H	H	M	M
0.7130247997936647	0.6457466645661867	7.898785887714415	0.02529766588369372	1.5178599530216232	M	H	M	M
