absolute_gain	relative_gain
0.2518185605689782	0.31363798520634173
0.2286187748992899	0.33894373235576947
0.22309410816510855	0.3199581166386783
0.2167132695628487	0.3039280700645751
0.20281879005452924	0.29699609553882195
