global	targets	interference	deformation	deformation_sum	diff_global	diff_targets	diff_interference	diff_deformation
0.5684995175188305	0.5510770466174643	3.132602628441936	0.019786502112826745	1.1871901267696048	E	M	E	M
0.5763803238598061	0.44588484642544995	5.445843008025713	0.02191978664144992	1.3151871984869952	E	E	M	M
0.6098280806610442	0.4741662411231824	6.282997692415906	0.008651656862949851	0.519099411776991	E	M	M	E
0.5795299793706951	0.4963280415500208	4.607364565001026	0.024087736221917587	1.4452641733150553	E	M	M	M
0.6017013336698784	0.48008173658898584	5.559854271288261	0.01422634953439913	0.8535809720639478	E	M	M	M
