global	targets	interference	deformation	deformation_sum	diff_global	diff_targets	diff_interference	diff_deformation
0.6922812925139099	0.7141944870236	5.22459190763317	0.03102216073269245	1.861329643961547	M	H	M	H
0.7156992456361542	0.6725045015677018	7.40448004306934	0.02373234625313625	1.423940775188175	M	H	M	M
0.6988984371778656	0.6614935394848552	4.089788757077133	0.02363781773494555	1.418269064096733	M	H	M	M
0.681492012916134	0.6060862204239449	4.476950887526846	0.013088566550074184	0.785313993004451	M	M	M	M
0.7261917599172627	0.6491710033360703	4.966635744470656	0.01663560833850706	0.9981365003104234	M	H	M	M
