global	targets	interference	deformation	deformation_sum	diff_global	diff_targets	diff_interference	diff_deformation
0.7245910105231893	0.7218356274743287	2.5914106843546447	0.013713159815256011	0.8227895889153607	M	H	E	M
0.7296018223311703	0.6678115248275849	5.495202954914098	0.030305614713676786	1.8183368828206072	M	H	M	H
0.6855132503125595	0.6596432638058228	9.03097633587733	0.018853147536535213	1.1311888521921127	M	H	M	M
0.6824206096100208	0.646602064338387	4.615920783797949	0.027554038129030473	1.6532422877418285	M	H	M	M
0.7338918361526798	0.619833982671503	4.084859461003247	0.03371430811917607	2.022858487150564	M	H	M	H
