absolute_gain	relative_gain
0.1231120477864035	0.1965506687669503
0.1227093706433805	0.19348633984614008
0.11206705658789023	0.18396195187069922
0.1103163216188715	0.15470317648567067
0.10891007395364649	0.14399734790276736
