global	targets	interference	deformation	deformation_sum	diff_global	diff_targets	diff_interference	diff_deformation
0.6602703109440318	0.5032508567956063	3.8367176820200704	0.027130585067642047	1.6278351040585228	M	M	E	M
0.6438704001399995	0.5114923551268146	7.319699903487295	0.02102461548419059	1.2614769290514354	M	M	M	M
0.5955221947624495	0.49711900307437334	4.852882439641684	0.016160137964723258	0.9696082778833954	E	M	M	M
0.6795133872328436	0.6027674309250817	5.742053957925596	0.020609303455858614	1.236558207351517	M	M	M	M
0.6897670784236456	0.6474238137175822	3.2392416978013103	0.007389049347610823	0.44334296085664937	M	H	E	E
