global	targets	interference	deformation	deformation_sum	diff_global	diff_targets	diff_interference	diff_deformation
0.6988707902507478	0.670709789756439	2.630016555185131	0.013633411300548915	0.818004678032935	M	H	E	M
0.6805647734703286	0.6602847066596131	6.918131559190479	0.03056852162357141	1.8341112974142846	M	H	M	H
0.6951998629320503	0.6490791322496691	10.428342354234832	0.02190519049533512	1.3143114297201073	M	H	H	M
0.7059971390102653	0.6822890678897026	7.482340045472908	0.022468012051371607	1.3480807230822964	M	H	M	M
0.741843325778912	0.6407006428223372	6.322842304189108	0.021032558922086456	1.2619535353251874	H	H	M	M
