global	targets	interference	deformation	deformation_sum	diff_global	diff_targets	diff_interference	diff_deformation
0.6838068754858757	0.6845179868512588	3.2586480513918503	0.02848800456723926	1.7092802740343556	M	H	E	M
0.7320341327420892	0.6095766260698755	3.0941588393458184	0.029123471895469797	1.7474083137281877	M	M	E	H
0.7542904124045109	0.6974383504150878	5.9096713289961595	0.02914243455562996	1.7485460733377975	H	H	M	H
0.7344646612568729	0.7040508065777034	5.353014903826123	0.03383479802729653	2.030087881637792	M	H	M	H
0.6950576346469128	0.6288317239997007	5.606704992855202	0.03101530169901606	1.8609181019409635	M	H	M	H
