global	targets	interference	deformation	deformation_sum	diff_global	diff_targets	diff_interference	diff_deformation
0.7312083590803842	0.7488803603105159	5.291235108433592	0.018800551223740816	1.128033073424449	M	H	M	M
0.7127335689789528	0.7161727163500728	3.406427250231024	0.024268460746651673	1.4561076447991004	M	H	E	M
0.7478878886029439	0.7276241666155143	6.082879292333514	0.026970298294508484	1.618217897670509	H	H	M	M
0.7190231941576236	0.6463496846840485	4.499389819922709	0.02666991358329281	1.6001948149975687	M	H	M	M
0.6768668403942868	0.6631590949467048	5.615556577382519	0.030358436076632585	1.8215061645979551	M	H	M	H
