absolute_gain	relative_gain
0.23140630048550753	0.3202588399840452
0.21607770314619068	0.3239032396219384
0.210673027816836	0.3067813179791872
0.20964251105517173	0.3163763881328906
0.20212033546133013	0.27730412623932144
