global	targets	interference	deformation	deformation_sum	diff_global	diff_targets	diff_interference	diff_deformation
0.5622607113345401	0.4911539276631857	5.2834039860262125	0.02221165997908268	1.3326995987449608	E	M	M	M
0.5713333202962603	0.4510280145934582	7.24466408491041	0.021639206836778075	1.2983524102066846	E	E	M	M
0.6126493441026553	0.476047497424302	4.761721304797436	0.015648727310604536	0.9389236386362723	E	M	M	M
0.6109928352188485	0.45299388950678676	3.677529274593916	0.016406444158232916	0.9843866494939749	E	E	E	M
0.5873701386299034	0.5267557119397621	3.8030975998610033	0.03412787848617452	2.047672709170471	E	M	E	H
