absolute_gain	relative_gain
0.2280773347099302	0.33559200714843057
0.21862627475010027	0.3414022324577185
0.21342844533872046	0.3136580299853381
0.2112805220519957	0.3218012305528628
0.20762636701567316	0.3020777175006299
