global	targets	interference	deformation	deformation_sum	diff_global	diff_targets	diff_interference	diff_deformation
0.5352320424657379	0.4515495033900988	2.8194564660180514	0.02656454142825974	1.5938724856955844	E	E	E	M
0.5590287090429956	0.4217511275188682	4.885635603427691	0.01792697479098356	1.0756184874590138	E	E	M	M
0.5918567092216046	0.4670210408379834	8.200501545900982	0.016197653810839104	0.9718592286503461	E	E	M	M
0.5493932727235811	0.44527545720579126	7.610139499271646	0.025124760811398545	1.5074856486839128	E	E	M	M
0.5903453657614036	0.47970128076172447	4.1589611058165366	0.019548393491175087	1.1729036094705052	E	M	M	M
