global	targets	interference	deformation	deformation_sum	diff_global	diff_targets	diff_interference	diff_deformation
0.7534770807131541	0.6030414817394847	6.2750958657590195	0.022917610108313658	1.3750566064988194	H	M	M	M
0.7141794261353966	0.7232462631682911	5.204762955695732	0.03456672244792247	2.0740033468753483	M	H	M	H
0.7944504622410408	0.6797941122091168	8.485584975012621	0.02521079770217332	1.5126478621303991	H	H	M	M
0.6629191107096067	0.6546354994791711	8.23933796989264	0.016585219402207748	0.995113164132465	M	H	M	M
0.6720899843274692	0.6670959494914289	5.861199677282714	0.027205786100473073	1.6323471660283844	M	H	M	M
