global	targets	interference	deformation	deformation_sum	diff_global	diff_targets	diff_interference	diff_deformation
0.7542543863982663	0.7311522726687094	5.115935118530803	0.02625848501093865	1.575509100656319	H	H	M	M
0.714108481300476	0.6970806231456422	5.878038506200838	0.028183713022073353	1.6910227813244012	M	H	M	M
0.7466431109150802	0.6582965115477083	9.32566853330644	0.02810398377110278	1.6862390262661668	H	H	M	M
0.7342368819091518	0.6654621702217293	5.728043379587797	0.02044335632148846	1.2266013792893076	M	H	M	M
0.7576920979881857	0.666332610640104	4.4561342383062845	0.02345497114779822	1.4072982688678932	H	H	M	M
