absolute_gain	relative_gain
0.2383486698264769	0.326101888686936
0.21341537029221097	0.29952330686025846
0.20885592416920573	0.28940385666901974
0.20735968061744625	0.3136793675877696
0.20683906428782156	0.31269310569343894
