global	targets	interference	deformation	deformation_sum	diff_global	diff_targets	diff_interference	diff_deformation
0.6018753107243389	0.4925537815092041	4.843463232220951	0.028450645294799317	1.7070387176879591	E	M	M	M
0.610048338850801	0.49910137015556716	3.6453515808384305	0.021482638354670073	1.2889583012802044	E	M	E	M
0.5793062668777555	0.5128204438415577	5.5592880305641375	0.026111795764427227	1.5667077458656335	E	M	M	M
0.5809305951409055	0.4536964870612443	6.294349351104397	0.024236624004445914	1.4541974402667548	E	E	M	M
0.5390932512142054	0.4546371899747346	5.414324264776787	0.02317082609142169	1.3902495654853015	E	E	M	M
