global	targets	interference	deformation	deformation_sum	diff_global	diff_targets	diff_interference	diff_deformation
0.6930153912526305	0.6939860864131845	6.8586449601076085	0.009126918171214221	0.5476150902728533	M	H	M	E
0.7146216436641396	0.7432343815856394	5.931598507933017	0.023444824877146567	1.406689492628794	M	H	M	M
0.6827230055439223	0.6342834697273716	7.853412763970114	0.02701162753318337	1.6206976519910021	M	H	M	M
0.6744052695828037	0.6074547736366135	3.8693740727167083	0.029657332454300935	1.7794399472580562	M	M	E	H
0.6702222353477336	0.6482162958840318	6.803657115747301	0.009044947416465427	0.5426968449879257	M	H	M	E
