absolute_gain	relative_gain
0.12617832813383834	0.183412435792317
0.10917156450118914	0.1570127380366729
0.10799029834114138	0.14548000039575687
0.10303943783879743	0.15516181995484288
0.1025026800873427	0.1999011420734662
