global	targets	interference	deformation	deformation_sum	diff_global	diff_targets	diff_interference	diff_deformation
0.6633318907433937	0.5617702702737067	7.167758648110804	0.02052480315858211	1.2314881895149266	M	M	M	M
0.6931433756841808	0.58613230616751	4.565107126974411	0.019067641480367006	1.1440584888220204	M	M	M	M
0.690630158297914	0.6343130976402287	6.404695671314235	0.02622289447777986	1.5733736686667916	M	H	M	M
0.6119240181172086	0.5610378323864761	5.551950541630323	0.030862254230740332	1.8517352538444198	E	M	M	H
0.48856504151433633	0.4102641756901579	3.686436558692909	0.025342174332932028	1.5205304599759217	E	E	E	M
