global	targets	interference	deformation	deformation_sum	diff_global	diff_targets	diff_interference	diff_deformation
0.7081380448795944	0.6675891309178194	5.758011260377203	0.01754787283034334	1.0528723698206004	M	H	M	M
0.6887006904548298	0.6083686538380362	3.7723746907986655	0.015377420313630558	0.9226452188178335	M	M	E	M
0.6882966204259268	0.618006713433418	6.371767902970106	0.01737253417937743	1.0423520507626458	M	H	M	M
0.6853068888663773	0.6928658897986246	4.8736956578358726	0.033017635718102116	1.981058143086127	M	H	M	H
0.7311734079472519	0.701397726114387	5.123381561298414	0.01775910146870453	1.0655460881222718	M	H	M	M
