absolute_gain	relative_gain
0.22389671616036322	0.3023295810963761
0.22072014603824547	0.31432134274738505
0.21847351906939516	0.3366463590655937
0.20642788150151753	0.318386345653197
0.20553696736274019	0.3079734281674152
