global	targets	interference	deformation	deformation_sum	diff_global	diff_targets	diff_interference	diff_deformation
0.5970599849948578	0.5166749320006212	6.868721747828078	0.02079076439264679	1.2474458635588075	E	M	M	M
0.596131377717582	0.4814916226854415	3.8746240478044123	0.026160436164252475	1.5696261698551486	E	M	E	M
0.5239407003937366	0.4304968713301838	6.2285671918192955	0.025046755621177634	1.502805337270658	E	E	M	M
0.5770166884473663	0.4419286963473627	4.231394560627495	0.029455883632769537	1.7673530179661723	E	E	M	H
0.5739379797254982	0.4618484255452796	4.163362990446565	0.0250707872476182	1.504247234857092	E	E	M	M
