global	targets	interference	deformation	deformation_sum	diff_global	diff_targets	diff_interference	diff_deformation
0.73012729897576	0.6483871848242788	11.94734610373992	0.01893161464161375	1.135896878496825	M	H	H	M
0.6397765806326002	0.6664327566955975	3.629504479580928	0.015028664040147455	0.9017198424088473	M	H	E	M
0.7780991069744699	0.6676680452831121	8.984078685739552	0.02018279001746682	1.2109674010480092	H	H	M	M
0.7181160354705657	0.7118497758562509	5.046655632297349	0.023791638115755288	1.4274982869453172	M	H	M	M
0.6807424997640866	0.6686447079331328	6.150106682503798	0.016351509016230916	0.9810905409738551	M	H	M	M
