absolute_gain	relative_gain
0.22207549122352555	0.2965433505713037
0.19384679231994562	0.27067045126750017
0.18338840537134082	0.25203726564547374
0.17736918959828485	0.27441676510600793
0.17719536960294685	0.2671988832742877
