global	targets	interference	deformation	deformation_sum	diff_global	diff_targets	diff_interference	diff_deformation
0.5588271645992141	0.5268048690869903	5.234208771981168	0.0170211102858445	1.02126661715067	E	M	M	M
0.578814269277489	0.5223259240301272	3.2392265124771913	0.023633629109734936	1.4180177465840962	E	M	E	M
0.5749793076295523	0.5442357612441735	5.71096930755703	0.024099674562754723	1.4459804737652833	E	M	M	M
0.5361685346834959	0.46898049508576367	3.9936274670497354	0.025393194579143474	1.5235916747486085	E	E	E	M
0.5248274486597073	0.4859637253437579	5.485838974562362	0.028688274205916593	1.7212964523549956	E	M	M	M
