absolute_gain	relative_gain
0.20648922740842568	0.3145397118291767
0.19861682579580425	0.3106542904631731
0.19617666007852835	0.28864343017210015
0.18844983900704937	0.27250249052858244
0.18783945985725692	0.2721673233698009
