global	targets	interference	deformation	deformation_sum	diff_global	diff_targets	diff_interference	diff_deformation
0.5745863420018039	0.44999140013334515	6.279633044866764	0.03320126425664547	1.9920758553987281	E	E	M	H
0.5770349701266836	0.4407331909049937	5.554294756758986	0.009360254437213058	0.5616152662327835	E	E	M	E
0.5982998812834758	0.4834738691628973	6.123197269336496	0.028552742270835613	1.7131645362501369	E	M	M	M
0.5972916872757549	0.5031028827369125	5.101522835349355	0.020362560448464635	1.2217536269078781	E	M	M	M
0.582019667040776	0.5023222301338466	6.06916840376662	0.02541743061952444	1.5250458371714664	E	M	M	M
