global	targets	interference	deformation	deformation_sum	diff_global	diff_targets	diff_interference	diff_deformation
0.5783308741107894	0.43030607906564533	5.422725208319818	0.0242708238885468	1.456249433312808	E	E	M	M
0.5679641718958115	0.49947072256548414	4.995275014671151	0.013046668345614297	0.7828001007368578	E	M	M	M
0.5907251911719567	0.49024578954718445	7.663401127899417	0.024420102362985027	1.4652061417791016	E	M	M	M
0.5570508473727683	0.4721389732312221	3.9159275957207726	0.015389857935044259	0.9233914761026555	E	M	E	M
0.5861231481489252	0.5078001299824364	4.275761212590648	0.02266552446594907	1.3599314679569443	E	M	M	M
