absolute_gain	relative_gain
0.20174500439113247	0.3035308601397912
0.18826065433591305	0.27957502398574186
0.1697270742398692	0.25186008096793006
0.1687270876139788	0.24392120151567998
0.16086283990776562	0.2322922095278881
