global	targets	interference	deformation	deformation_sum	diff_global	diff_targets	diff_interference	diff_deformation
0.6360400240614871	0.4629155981526048	4.2803491183993865	0.021395980957837103	1.2837588574702261	M	E	M	M
0.7068162712824344	0.48512086469961496	3.939109762384666	0.016187749976251106	0.9712649985750663	M	M	E	M
0.6720026661181969	0.5041672308345462	4.180176902212056	0.026689809138059937	1.6013885482835961	M	M	M	M
0.6735536125259548	0.5230007595987307	4.594704679897071	0.025005590014160986	1.5003354008496592	M	M	M	M
0.6962298441938783	0.5316392471605184	6.360260446023814	0.023570870956486804	1.4142522573892082	M	M	M	M
