absolute_gain	relative_gain
0.13193975488723908	0.19127616312802143
0.10810234409094122	0.16246686280555198
0.10608392755852558	0.16466210603435896
0.10600158347139432	0.19345488328476773
0.10076384119214665	0.16300801294382136
