global	targets	interference	deformation	deformation_sum	diff_global	diff_targets	diff_interference	diff_deformation
0.617788564898079	0.5578469531351903	5.904721769824263	0.023140025829600522	1.3884015497760314	E	M	M	M
0.6174884290046408	0.5572785355800303	10.05374883632963	0.008923924577661457	0.5354354746596874	E	M	H	E
0.6352013333853676	0.5381682936318783	6.3891514936372324	0.013627619631775473	0.8176571779065284	M	M	M	M
0.5660358794877608	0.44193797572473525	4.275064389779349	0.01721602580086575	1.0329615480519452	E	E	M	M
0.6946825702858509	0.5173888457366465	6.56886252976023	0.013746537170812093	0.8247922302487256	M	M	M	M
