global	targets	interference	deformation	deformation_sum	diff_global	diff_targets	diff_interference	diff_deformation
0.7451637507603579	0.7363848814138727	5.536592231830142	0.013682319189549586	0.8209391513729751	H	H	M	M
0.7017763736977757	0.6493240254838286	11.363937794177462	0.02074292427686246	1.2445754566117475	M	H	H	M
0.6985434058240005	0.6022594966566743	8.734920775306566	0.01796789206693367	1.0780735240160202	M	M	M	M
0.6725409673836455	0.6530657519535339	2.9793270090955923	0.027296202298112693	1.6377721378867616	M	H	E	M
0.6578990486145314	0.6654573313927726	3.5596801773133637	0.02465207344774845	1.479124406864907	M	H	E	M
