global	targets	interference	deformation	deformation_sum	diff_global	diff_targets	diff_interference	diff_deformation
0.7215276456048281	0.6084137572969984	5.0790920530713395	0.02242803518119813	1.3456821108718877	M	M	M	M
0.733567067076393	0.7194900655452902	6.325048700403836	0.028697310168822595	1.7218386101293557	M	H	M	M
0.7711632924802685	0.6983451830630761	4.355225303356609	0.01756081383713665	1.053648830228199	H	H	M	M
0.7385763735387888	0.6811344323390729	4.24810086142021	0.030406974309247232	1.824418458554834	M	H	M	H
0.7398226247964282	0.6390601886424411	4.790070737011211	0.013528784285894348	0.8117270571536609	M	H	M	M
