absolute_gain	relative_gain
0.0	0.0
0.1965812676129698	0.28578400310584645
0.0	0.0
0.18390917764902448	0.26611200594189743
0.0	0.0
0.15470945788212315	0.24721277984060078
0.0	0.0
0.15098358104571385	0.26184946375516766
