global	targets	interference	deformation	deformation_sum	diff_global	diff_targets	diff_interference	diff_deformation
0.6796704669930084	0.49128532210710474	4.599927349660821	0.018960351462982455	1.1376210877789472	M	M	M	M
0.6834968193439319	0.5071877046509007	4.806275517195261	0.03312465635963106	1.9874793815778637	M	M	M	H
0.6329417059763082	0.4711055100247851	7.268907121779436	0.02492049147561889	1.4952294885371336	M	M	M	M
0.5973200900170034	0.42562092629398907	4.85020665415088	0.02109529670398806	1.2657178022392834	E	E	M	M
