absolute_gain	relative_gain
0.11334697494004875	0.16835438738923109
0.10837303952890898	0.1763166175591082
0.10510980636099132	0.15775975068061318
0.09911300529205214	0.16219244684747647
0.09817251901422275	0.15507040968041763
