global	targets	interference	deformation	deformation_sum	diff_global	diff_targets	diff_interference	diff_deformation
0.6162879202072299	0.5599171834688047	7.109203390088755	0.017812856595057037	1.0687713957034222	E	M	M	M
0.6139765469508912	0.5062771337173995	4.832646804244154	0.00816164209543125	0.489698525725875	E	M	M	E
0.6410055334248562	0.5611552321391493	4.595413824624179	0.026219211971087317	1.573152718265239	M	M	M	M
0.5651554347556454	0.5119697375760953	5.786130131993633	0.018871043349484695	1.1322626009690817	E	M	M	M
0.672305963305163	0.5349109894162062	1.999943901140436	0.013865539955747063	0.8319323973448237	M	M	E	M
