absolute_gain	relative_gain
0.241866774949277	0.33167725558902666
0.23786026916477754	0.32392757611293016
0.22988904990456077	0.34552638682328285
0.20687207413412012	0.32448928831893903
0.1865117097656992	0.26243806805199726
