global	targets	interference	deformation	deformation_sum	diff_global	diff_targets	diff_interference	diff_deformation
0.5906779864985814	0.48735650121340424	3.2141770657378568	0.016515204694517775	0.9909122816710666	E	M	E	M
0.5858938746934	0.4964405026900176	2.349820643026835	0.009801640154028459	0.5880984092417075	E	M	E	E
0.5650918475010276	0.4354408892011781	3.111046722945152	0.030656712266514525	1.8394027359908716	E	E	E	H
0.5838774243323777	0.4306592145128768	4.759769141333823	0.023701594754399574	1.4220956852639743	E	E	M	M
0.6235235888612769	0.5241767629475862	4.85929195791215	0.022760322683263685	1.3656193609958212	E	M	M	M
