absolute_gain	relative_gain
0.26378938365086396	0.39979157969375734
0.23137967661398828	0.36188552397241036
0.21499611939087715	0.3009736387702594
0.21305223263510165	0.2925789551354292
0.2096356713972573	0.31036306969357635
