global	targets	interference	deformation	deformation_sum	diff_global	diff_targets	diff_interference	diff_deformation
0.5419319483626704	0.3960278737634321	6.875607748261727	0.019003022019107255	1.1401813211464353	E	E	M	M
0.5610198368239342	0.40799289091548363	9.408780305645102	0.021921718389953087	1.3153031033971851	E	E	M	M
0.5799271665497112	0.49933926316729094	2.7186985855577386	0.022407771699492745	1.3444663019695646	E	M	E	M
0.5856979348970304	0.5151349076070386	8.314928563474512	0.024633558875243173	1.4780135325145904	E	M	M	M
0.6045193374134469	0.4658173443376112	4.019862348832452	0.02794754069232234	1.6768524415393404	E	E	M	M
