global	targets	interference	deformation	deformation_sum	diff_global	diff_targets	diff_interference	diff_deformation
0.7346400472476978	0.81841198591789	5.200959392472669	0.006498953275472775	0.3899371965283665	M	H	M	E
0.6797838367797849	0.6706650745078607	2.0506153506239295	0.008090049457875436	0.48540296747252615	M	H	E	E
0.6883629082434812	0.662190678156668	5.849274054064792	0.012041185336607255	0.7224711201964353	M	H	M	M
0.7039972756394833	0.6541522642952766	4.3582409719774695	0.01797906915401256	1.0787441492407537	M	H	M	M
0.6803331788675787	0.6633610614695495	8.754335495889224	0.022682898597116648	1.360973915826999	M	H	M	M
