global	targets	interference	deformation	deformation_sum	diff_global	diff_targets	diff_interference	diff_deformation
0.7166075086302022	0.6805425638733816	5.639599047090093	0.030129387521279066	1.8077632512767439	M	H	M	H
0.7361569081729072	0.6227052009494076	8.229868322726508	0.02119287855280726	1.2715727131684356	M	H	M	M
0.7508423209245385	0.6368382582252696	6.127549702026704	0.027092855472087715	1.6255713283252629	H	H	M	M
0.7397264597987505	0.6963250395997148	6.043268256090739	0.03132813082030996	1.8796878492185978	M	H	M	H
0.7053600006804907	0.7300848584395049	4.48504835199337	0.012849044030173108	0.7709426418103864	M	H	M	M
