absolute_gain	relative_gain
0.11233319863824365	0.18369111116760442
0.11224880557165706	0.16566003060125242
0.10766954935164541	0.16494718119670673
0.10662535712108734	0.1752919332258328
0.09615220331255903	0.1584159628258992
