global	targets	interference	deformation	deformation_sum	diff_global	diff_targets	diff_interference	diff_deformation
0.62819522178234	0.49919992304747574	3.9603460130552954	0.026460041409390973	1.5876024845634584	E	M	E	M
0.6676141029031883	0.5653365188077798	7.304870168887225	0.02282065863327173	1.369239517996304	M	M	M	M
0.6421051313828668	0.5450821289158647	5.405398246058719	0.008625416092634626	0.5175249655580776	M	M	M	E
0.5976917453266227	0.5016476829378601	6.0136513393319415	0.022344659572085965	1.3406795743251578	E	M	M	M
0.6681497538788375	0.5108081155678766	7.395240193012723	0.021871955169717603	1.312317310183056	M	M	M	M
