global	targets	interference	deformation	deformation_sum	diff_global	diff_targets	diff_interference	diff_deformation
0.7617396546976691	0.6922271863178614	4.19427309944574	0.026367771495765226	1.5820662897459135	H	H	M	M
0.743713567221319	0.6750973677848848	4.7150808990110935	0.01373767268404783	0.8242603610428698	H	H	M	M
0.6171371012781552	0.5808967108466091	5.998322515761206	0.006657940047475496	0.39947640284852975	E	M	M	E
0.750733045516871	0.6593774877548366	5.633681079671228	0.025933053949015003	1.5559832369409001	H	H	M	M
0.6616388455513356	0.7034903009742167	3.491645566997105	0.011183213520726732	0.6709928112436039	M	H	E	M
