global	targets	interference	deformation	deformation_sum	diff_global	diff_targets	diff_interference	diff_deformation
0.712199947396967	0.7525411978076697	4.794360578538142	0.03232376406102447	1.939425843661468	M	H	M	H
0.7224529720543947	0.6821131381077551	8.556516535828218	0.034450170460416776	2.0670102276250066	M	H	M	H
0.6890310470124617	0.6988825332715296	7.403051629808488	0.030096660706958253	1.8057996424174951	M	H	M	H
0.6859843332700355	0.6915815494790898	7.484478678807757	0.026746958285290796	1.6048174971174478	M	H	M	M
0.7306204939185625	0.698660258189411	6.200873935642552	0.01610324419732573	0.9661946518395439	M	H	M	M
