global	targets	interference	deformation	deformation_sum	diff_global	diff_targets	diff_interference	diff_deformation
0.7623076129355322	0.6425990497566775	7.8794275049373175	0.02713315121984816	1.6279890731908897	H	H	M	M
0.6969826133255065	0.6031036928686296	3.562469367224367	0.012141505385407337	0.7284903231244402	M	M	E	M
0.6823343293491412	0.6088299150962844	9.267931654228086	0.021782580540954326	1.3069548324572595	M	M	M	M
0.7529140105530832	0.6753039466052942	9.408764013524133	0.02106692003209017	1.2640152019254103	H	H	M	M
0.7456760223685738	0.702086751878732	4.561830185890335	0.02937226611419213	1.7623359668515277	H	H	M	H
