absolute_gain	relative_gain
0.1872147888922152	0.25226056418923554
0.18690817954320127	0.25963479725361766
0.17947438145226724	0.24352623610036161
0.17033348804385018	0.256540584268013
0.16983637523420325	0.26903906265104416
