global	targets	interference	deformation	deformation_sum	diff_global	diff_targets	diff_interference	diff_deformation
0.5894482964619077	0.5549336697617278	5.0890557821491855	0.023813418822621703	1.428805129357302	E	M	M	M
0.5721862889808366	0.5329806085556635	6.476518211671074	0.020527154758003204	1.2316292854801922	E	M	M	M
0.5829688701710493	0.5575073266635785	4.50103064718428	0.013062136539833735	0.7837281923900241	E	M	M	M
0.5852379623893011	0.4936296370494466	3.5876040894563297	0.012287377000477058	0.7372426200286235	E	M	E	M
0.5445321061338458	0.46143394499616686	7.624364126746801	0.021812932355203655	1.3087759413122193	E	E	M	M
