absolute_gain	relative_gain
0.2337091316653882	0.3387197889640808
0.22303057332995657	0.32224203301660387
0.21975631617286356	0.30836914816116795
0.19839376485498633	0.3089190869428347
0.19595028532571163	0.29758516616486463
