global	targets	interference	deformation	deformation_sum	diff_global	diff_targets	diff_interference	diff_deformation
0.5781082692497759	0.45626865906289915	3.965684063422292	0.014586820252489382	0.8752092151493629	E	E	E	M
0.600362500167355	0.46909072208920644	6.086616470163128	0.028983856941629395	1.7390314164977636	E	E	M	M
0.5752737457576387	0.4928840938139642	4.268628108378198	0.02497629824522248	1.4985778947133488	E	M	M	M
0.5732383383471317	0.44382542211191994	6.668292847022854	0.029221751942052968	1.753305116523178	E	E	M	H
0.5523131532830191	0.4625176344668816	4.164636911583434	0.023588443069051487	1.4153065841430892	E	E	M	M
