absolute_gain	relative_gain
0.2175141950329671	0.30682448191791556
0.1944352218545159	0.2649760128944293
0.18017469792431418	0.25416325493945147
0.17061386824700775	0.255167328438319
0.1697694899299288	0.25070335794718773
