global	targets	interference	deformation	deformation_sum	diff_global	diff_targets	diff_interference	diff_deformation
0.6460507533996002	0.49140640241518063	4.500908676577746	0.020562799284295892	1.2337679570577536	M	M	M	M
0.6546764881459404	0.5393490166908124	4.94746381874	0.023686205757739623	1.4211723454643774	M	M	M	M
0.6387235546258775	0.5287188750952658	4.884449406699152	0.02734500455678351	1.6407002734070106	M	M	M	M
0.734967474462318	0.4980213731500892	4.160816607114671	0.026203133274586326	1.5721879964751795	M	M	M	M
0.6273804741657558	0.5074032903632327	8.06410228958061	0.017370065859710807	1.0422039515826484	E	M	M	M
