absolute_gain	relative_gain
0.1838839401562713	0.2756695691150561
0.17533451343104567	0.27046660283089535
0.17039117540232562	0.25096595661882287
0.16602813168512948	0.25920626462184754
0.1558085078746908	0.25715699657604313
