global	targets	interference	deformation	deformation_sum	diff_global	diff_targets	diff_interference	diff_deformation
0.6011908900224758	0.4831608147166314	5.883829102261145	0.027916868772236998	1.67501212633422	E	M	M	M
0.6335333098359848	0.4729322655201086	6.810615119982379	0.01236444904069526	0.7418669424417156	M	M	M	M
0.5865385025895946	0.5085502144895415	5.196441950410754	0.026986249291829953	1.6191749575097971	E	M	M	M
0.5887715156404297	0.47449701892164936	3.082478346736373	0.025876322177990116	1.552579330679407	E	M	E	M
0.5917166222363952	0.4500801513849344	2.3529797030435953	0.009825035049506313	0.5895021029703787	E	E	E	E
