absolute_gain	relative_gain
0.11831929631138638	0.1809674026182482
0.10888827927012573	0.1917076519784581
0.10584776302920051	0.16945446765700595
0.10566860590680471	0.1559584485710931
0.10204082556606109	0.1404810803551615
