global	targets	interference	deformation	deformation_sum	diff_global	diff_targets	diff_interference	diff_deformation
0.5246691655733055	0.5354962229453144	4.528825826560156	0.020069717517045563	1.2041830510227338	E	M	M	M
0.6234063223850453	0.45910302491819815	8.287432803283016	0.009315651624297537	0.5589390974578522	E	E	M	E
0.6875950916320396	0.5187906102915181	7.921891038717735	0.015078561283541299	0.904713677012478	M	M	M	M
0.6945685596608017	0.5718747197350637	4.790911172246717	0.027239710986599986	1.6343826591959991	M	M	M	M
0.6605057845288952	0.6243262076891181	9.03137792562144	0.02897872338325725	1.738723402995435	M	H	M	M
