absolute_gain	relative_gain
0.11682921356617293	0.17376388538357215
0.1138722176750423	0.19067096992097513
0.11049573853928096	0.169868113735391
0.11045090047373585	0.18053383484035893
0.10973444106909913	0.17100719844626447
