global	targets	interference	deformation	deformation_sum	diff_global	diff_targets	diff_interference	diff_deformation
0.6438551450667285	0.5555154068840447	2.5176529951264555	0.025729615262278425	1.5437769157367056	M	M	E	M
0.5759369219193348	0.4833462142773278	4.8066818493680845	0.021921430922046996	1.3152858553228197	E	M	M	M
0.6773369466307216	0.5399838371120017	7.368267207525062	0.016557704419228568	0.993462265153714	M	M	M	M
0.5619794077988539	0.5013507630283136	5.334771038911445	0.026396720796131014	1.5838032477678607	E	M	M	M
0.6837410289783326	0.531960423627377	8.861622448473842	0.014599976111267012	0.8759985666760207	M	M	M	M
