absolute_gain	relative_gain
0.23824224873972666	0.33005055399291644
0.22938457448106592	0.34348699588598486
0.20738612150881403	0.3143913276886909
0.206063504156399	0.3186867403017748
0.20604695017644287	0.332422803422901
