global	targets	interference	deformation	deformation_sum	diff_global	diff_targets	diff_interference	diff_deformation
0.562249066598656	0.48359337873460206	2.506263662825531	0.013314944646415609	0.7988966787849365	E	M	E	M
0.568869234335912	0.43842695034651896	5.386830022682343	0.026069614067945796	1.5641768440767478	E	E	M	M
0.5199887368523972	0.4522571422970088	6.639250239045771	0.017319276834596272	1.0391566100757763	E	E	M	M
0.5547456350187528	0.44053856018198795	3.9180971234481157	0.027099091125183567	1.625945467511014	E	E	E	M
0.5664573307242965	0.41378703249506016	3.2487875752476625	0.02954339962714287	1.7726039776285722	E	E	E	H
