global	targets	interference	deformation	deformation_sum	diff_global	diff_targets	diff_interference	diff_deformation
0.5452543697462156	0.5049045689668631	3.42808577905964	0.02752912298223086	1.6517473789338515	E	M	E	M
0.5569380286009126	0.44326486675439575	4.638578367460288	0.012603525674697351	0.756211540481841	E	E	M	M
0.5696099396672848	0.43639683867345064	7.16872320523924	0.012852640081117172	0.7711584048670304	E	E	M	M
0.5906971708343204	0.5476717323034765	3.924717689241448	0.030503836339077762	1.8302301803446657	E	M	E	H
0.5556807275149556	0.4831097428468333	5.552416374725567	0.021264061687406504	1.2758437012443902	E	M	M	M
