absolute_gain	relative_gain
0.2371649845708726	0.3320733902039147
0.21719121863011986	0.32295875808090035
0.18383717192620236	0.2779122711755695
0.16712513365991594	0.27574481654279376
0.16295354969669712	0.2510179118587918
