global	targets	interference	deformation	deformation_sum	diff_global	diff_targets	diff_interference	diff_deformation
0.5297832173184908	0.4770295024527274	4.882775685122151	0.028349489497756276	1.7009693698653765	E	M	M	M
0.5375423685151215	0.45531328293758194	6.9199377387027	0.022462464609760185	1.347747876585611	E	E	M	M
0.5671889872769166	0.4776563675586529	3.6014576041981146	0.022933056748642686	1.375983404918561	E	M	E	M
0.5385078371836085	0.43896108676402895	4.277466806301704	0.011519165710757562	0.6911499426454537	E	E	M	M
0.5569793027759254	0.48621745363937313	4.794128133376435	0.015056756095797368	0.903405365747842	E	M	M	M
