global	targets	interference	deformation	deformation_sum	diff_global	diff_targets	diff_interference	diff_deformation
0.7426144192492287	0.7154761925220898	4.848291866249678	0.03061899240770872	1.8371395444625231	H	H	M	H
0.6897011950224315	0.644281100132651	3.839849533041519	0.02019828850966595	1.211897310579957	M	H	E	M
0.7338322005688482	0.7666169736183736	4.011290949724964	0.026841510163456813	1.6104906098074088	M	H	M	M
0.7579600231743728	0.6861106580762077	4.99279357052703	0.014323227722280637	0.8593936633368382	H	H	M	M
0.708426058482764	0.6490693576311947	3.548991140398228	0.021272353184830006	1.2763411910898004	M	H	E	M
