global	targets	interference	deformation	deformation_sum	diff_global	diff_targets	diff_interference	diff_deformation
0.7504772615708847	0.770003521087371	7.466900328757169	0.0315337547990678	1.8920252879440682	H	H	M	H
0.6794253504938527	0.708692384735509	5.99914507172702	0.030626605653249185	1.837596339194951	M	H	M	H
0.7389834628927171	0.718990875245694	3.354520175311731	0.029763435126797834	1.78580610760787	M	H	E	H
0.7461069480901893	0.6931748182506208	4.233286651575261	0.02630587242790582	1.5783523456743491	H	H	M	M
0.699966549887718	0.665550920432226	4.554018037476444	0.03379440879918786	2.0276645279512717	M	H	M	H
