global	targets	interference	deformation	deformation_sum	diff_global	diff_targets	diff_interference	diff_deformation
0.7679119265990181	0.6973818016805468	5.945266259352406	0.015787633094601686	0.9472579856761012	H	H	M	M
0.7439604958574442	0.7116207847449906	3.717422971436006	0.031217925130123923	1.8730755078074353	H	H	E	H
0.768172017616648	0.7322422289305445	3.19471280449468	0.018508089688310452	1.110485381298627	H	H	E	M
0.6788552080145481	0.6436137079112743	4.618086691632183	0.009001260764083923	0.5400756458450354	M	H	M	E
0.7312670117423479	0.669882199737171	9.125082194477011	0.014108476675160752	0.8465086005096452	M	H	M	M
