absolute_gain	relative_gain
0.19655842549458769	0.25526951515366453
0.17869988559909145	0.25215437536524965
0.17408897625783737	0.24212960449372542
0.1603428719063742	0.2313166429084004
0.15137676215797258	0.2274458009308508
