global	targets	interference	deformation	deformation_sum	diff_global	diff_targets	diff_interference	diff_deformation
0.7632335045577996	0.6879485984075451	7.7428851464523145	0.021153287244135493	1.2691972346481295	H	H	M	M
0.7654692979242862	0.6953038706686991	4.945676088764929	0.01991155565214154	1.1946933391284924	H	H	M	M
0.7842218320068478	0.7423033959813701	6.722255527962768	0.0267128504371565	1.60277102622939	H	H	M	M
0.6933240079975911	0.6640772702252735	6.0585169878483045	0.03216648792926405	1.929989275755843	M	H	M	H
0.6044116505023888	0.5127668557775006	4.028966071109584	0.025710201848254743	1.5426121108952846	E	M	M	M
