global	targets	interference	deformation	deformation_sum	diff_global	diff_targets	diff_interference	diff_deformation
0.7236883950047738	0.5954518539003175	9.744325702801557	0.03025720009116252	1.8154320054697513	M	M	H	H
0.6652585984867851	0.6031655456226556	4.762565101183991	0.01941041028092563	1.1646246168555379	M	M	M	M
0.7015923744735932	0.6118956624022771	5.296534587671952	0.02585600937161181	1.5513605622967086	M	H	M	M
0.7189150281948896	0.6090349315399359	6.08581143990509	0.02775616123370233	1.6653696740221398	M	M	M	M
0.6734695446506489	0.5745167272011779	5.3583487141995425	0.028289198402171638	1.6973519041302982	M	M	M	M
