absolute_gain	relative_gain
0.19519993479673992	0.299552344229251
0.157969074847972	0.24751738299992843
0.15790153601337642	0.24288350152873248
0.15715654301974596	0.2442039478523774
0.15650714211831673	0.24087817232254652
