global	targets	interference	deformation	deformation_sum	diff_global	diff_targets	diff_interference	diff_deformation
0.6342727226373398	0.4564388807798495	5.091121212443001	0.02624093732402002	1.5744562394412014	M	E	M	M
0.6810140230255599	0.4802449888811104	5.297744291162792	0.021130923110080295	1.2678553866048177	M	M	M	M
0.6585413128458987	0.49221069894506553	6.232228238825368	0.019305975505899835	1.15835853035399	M	M	M	M
0.6968552969566726	0.4863897403300545	7.842171839153492	0.02381748412299016	1.4290490473794095	M	M	M	M
0.6744533482446694	0.4932285338430018	4.7384064132342045	0.01807196277794574	1.0843177666767443	M	M	M	M
