absolute_gain	relative_gain
0.20841909199251707	0.29371629420745277
0.1702022768595442	0.2752810911652745
0.16477450460499476	0.24247643914247094
0.16220409719418993	0.22850072189066498
0.15365081586588736	0.22689753554487627
