global	targets	interference	deformation	deformation_sum	diff_global	diff_targets	diff_interference	diff_deformation
0.5877078060784471	0.5011741314781223	6.993100561930286	0.026642128552986862	1.5985277131792117	E	M	M	M
0.6396950347012117	0.44808311331771794	3.2714585522233737	0.013799434804190677	0.8279660882514406	M	E	E	M
0.6154017230633004	0.514774012305462	2.6625534296010764	0.020698128575588507	1.2418877145353104	E	M	E	M
0.6123461126473112	0.5476584181277651	5.763041642487456	0.031100112190988603	1.866006731459316	E	M	M	H
0.6775882208310697	0.5235306947085101	4.681992469004043	0.025349571352377826	1.5209742811426696	M	M	M	M
