global	targets	interference	deformation	deformation_sum	diff_global	diff_targets	diff_interference	diff_deformation
0.7510045381890145	0.6115331216857194	4.0973030021603165	0.026992087183975586	1.619525231038535	H	H	M	M
0.797357787736928	0.6775853243794369	7.503233128301486	0.023226259312679895	1.3935755587607936	H	H	M	M
0.7313163256584458	0.6527516782675101	5.451637613995197	0.009350525209090382	0.5610315125454229	M	H	M	E
0.6886133897197687	0.6082730400589474	6.149469545694883	0.02346346262924651	1.4078077577547905	M	M	M	M
0.7391038337347334	0.6069603188804357	7.614331752756296	0.022160808885247307	1.3296485331148384	M	M	M	M
