absolute_gain	relative_gain
0.2427153544824373	0.3225276638535199
0.22051477468329145	0.3232818169944942
0.21965015480842892	0.3142876582996395
0.21910272467550285	0.31681401107437657
0.21675787483855802	0.3102478955941897
