global	targets	interference	deformation	deformation_sum	diff_global	diff_targets	diff_interference	diff_deformation
0.5823481818466015	0.5098258433252324	4.523428349031509	0.031092984430368613	1.8655790658221167	E	M	M	H
0.5888544327566886	0.46159836342446364	6.9086459353086225	0.03212633184064989	1.9275799104389935	E	E	M	H
0.5455555354470385	0.4792323784631007	6.432890526988934	0.02990098363493227	1.7940590180959362	E	M	M	H
0.5882378866207151	0.47247882480358694	5.150418832548526	0.025411819242317984	1.524709154539079	E	M	M	M
0.5810707804973662	0.481902383350853	5.973218737404016	0.013055141187875647	0.7833084712725388	E	M	M	M
