absolute_gain	relative_gain
0.19811481922490987	0.31010503076953394
0.1964135527503319	0.31217855149282614
0.19603436505894967	0.30896555470750664
0.19287440726919947	0.27600123532669374
0.18051699472894323	0.2897798613090488
