global	targets	interference	deformation	deformation_sum	diff_global	diff_targets	diff_interference	diff_deformation
0.5502608663920427	0.44074879009249673	4.432145148074306	0.005473794893945128	0.32842769363670765	E	E	M	E
0.5433035250495125	0.432757003045669	7.01083346148721	0.014714539211555562	0.8828723526933338	E	E	M	M
0.49687021696280936	0.43845178419653175	4.497543930425821	0.01287409406702077	0.7724456440212462	E	E	M	M
0.5843455721803291	0.5059427811426577	8.63354000783102	0.006899116417548055	0.4139469850528833	E	M	M	E
0.49907526266192687	0.44242827798075257	2.3079450150276313	0.02070717919159879	1.2424307514959274	E	E	E	M
