global	targets	interference	deformation	deformation_sum	diff_global	diff_targets	diff_interference	diff_deformation
0.6042609774409934	0.41945689897830013	4.5503936140607415	0.021724940606738404	1.3034964364043042	E	E	M	M
0.7057492332738924	0.5431302701253997	5.342072332708479	0.026858537148032057	1.6115122288819235	M	M	M	M
0.7434499341938232	0.5396345684770298	4.099710191059426	0.016682012594593756	1.0009207556756254	H	M	M	M
0.7102279278317051	0.531661775151395	3.778747727874347	0.02866131887846336	1.7196791327078016	M	M	E	M
0.6496714922676579	0.49725331297043357	3.8152776597334035	0.012848188902131802	0.7708913341279081	M	M	E	M
