global	targets	interference	deformation	deformation_sum	diff_global	diff_targets	diff_interference	diff_deformation
0.7009783011687921	0.6564806275417708	6.809204007993316	0.033561421767674626	2.0136853060604776	M	H	M	H
0.6904801592014603	0.6393500167007979	7.278841235686882	0.010935949949794094	0.6561569969876456	M	H	M	E
0.7921885529115014	0.6796505292414257	6.245016613697591	0.030926334599491852	1.8555800759695111	H	H	M	H
0.7412329572486033	0.6915527217439619	5.556484171956944	0.020614971243710978	1.2368982746226587	H	H	M	M
0.7720481617860393	0.6901616899911035	6.180828445188579	0.025824023791346427	1.5494414274807857	H	H	M	M
