absolute_gain	relative_gain
0.241396363796058	0.3403237945681163
0.20110864238079107	0.28209136735900203
0.19625899606110764	0.30131104413777043
0.19065871759727981	0.28997993788946974
0.19034784583703063	0.2901384618122465
