global	targets	interference	deformation	deformation_sum	diff_global	diff_targets	diff_interference	diff_deformation
0.5510180078026946	0.46791743573535316	5.280769526735053	0.020462119661308318	1.227727179678499	E	E	M	M
0.5867742532574204	0.5118115872016026	9.418446938696754	0.018956802613213364	1.1374081567928018	E	M	M	M
0.5503740640544647	0.4550911614570843	9.879431513898414	0.015866648345449826	0.9519989007269894	E	E	H	M
0.6090550334539409	0.46683062109604834	4.638008838340923	0.033986457200313	2.03918743201878	E	E	M	H
0.5414168152852022	0.4657107981913779	3.3780058778895423	0.017354029950598003	1.0412417970358803	E	E	E	M
