absolute_gain	relative_gain
0.2002980619691309	0.32185735934840304
0.1905388317958403	0.2814756755178751
0.1788101593447825	0.25254268635095933
0.17339790767307617	0.26127393659829873
0.17130631430465382	0.27736100916098366
