global	targets	interference	deformation	deformation_sum	diff_global	diff_targets	diff_interference	diff_deformation
0.6956584763293583	0.7041015583140097	4.598085958935755	0.01739748650986969	1.0438491905921814	M	H	M	M
0.7216803408562286	0.7240788470983618	7.125849516217915	0.031239940731512688	1.8743964438907612	M	H	M	H
0.7317964825246318	0.6911633613669953	5.253859538671036	0.017954907971214542	1.0772944782728726	M	H	M	M
0.6967907895743134	0.631564179129789	5.5707171916185185	0.017340955969556104	1.0404573581733663	M	H	M	M
0.7236587760810862	0.6277460661354906	6.023574752117187	0.020472563538895604	1.2283538123337363	M	H	M	M
