absolute_gain	relative_gain
0.11258159261406164	0.17402137591847947
0.10673389009523199	0.18220546606775487
0.10328367628384694	0.16292043410538087
0.09836475371859865	0.13801678465476172
0.09763561363059581	0.1342311509276454
