global	targets	interference	deformation	deformation_sum	diff_global	diff_targets	diff_interference	diff_deformation
0.5558824893645556	0.534359577801696	2.351750382420854	0.017860140220504448	1.0716084132302668	E	M	E	M
0.6156490587811366	0.4790547385266007	4.935572524416602	0.011011202409720958	0.6606721445832575	E	M	M	M
0.6275796801043573	0.5306679630607951	3.7307649359638764	0.022235001502772276	1.3341000901663365	E	M	E	M
0.6954061167054021	0.6143366323095605	2.383224079064185	0.0304433130146202	1.826598780877212	M	H	E	H
0.6472024466297943	0.6297336516692623	4.183110350766268	0.02403774587876425	1.4422647527258552	M	H	M	M
