absolute_gain	relative_gain
0.1928203400851316	0.2722459570444433
0.16511578381688508	0.23004730968389786
0.15661379765236594	0.22015122834814813
0.15505505543781883	0.23528941567738462
0.15350580033065753	0.23120506002696786
