global	targets	interference	deformation	deformation_sum	diff_global	diff_targets	diff_interference	diff_deformation
0.659553526395701	0.5154375241580251	5.820890298460394	0.02385949615162949	1.4315697690977696	M	M	M	M
0.6434084891612603	0.5526312919640335	4.2953128288293305	0.025978596858614464	1.5587158115168678	M	M	M	M
0.701988365531525	0.5547780888589198	7.785465384275511	0.0331111799342468	1.986670796054808	M	M	M	H
0.6825721167225368	0.5039420991576155	4.11434053360092	0.009255023697652178	0.5553014218591307	M	M	M	E
0.7006718028029214	0.5104320923467456	3.3365955288975413	0.014613388107632316	0.8768032864579389	M	M	E	M
