absolute_gain	relative_gain
0.12761893061638507	0.1843598938886289
0.1139574067327388	0.16880143838607078
0.10482232139215997	0.18044915633863734
0.10437343137716037	0.1582908626931581
0.09747457595474929	0.13855852144622785
