global	targets	interference	deformation	deformation_sum	diff_global	diff_targets	diff_interference	diff_deformation
0.6546852936355484	0.5646082557014763	4.022859125162165	0.0250680096105469	1.504080576632814	M	M	M	M
0.6462212149327597	0.561139961052146	4.663990944497143	0.012784625902918649	0.7670775541751189	M	M	M	M
0.5614052949143425	0.47607438945444913	5.378183640788172	0.004646999801061241	0.2788199880636745	E	M	M	E
0.6828300538755347	0.5550040563776762	5.324937708448419	0.025488916955818584	1.5293350173491151	M	M	M	M
0.633751343028315	0.6060157250194674	3.353449207568413	0.010292833504564182	0.617570010273851	M	M	E	E
