global	targets	interference	deformation	deformation_sum	diff_global	diff_targets	diff_interference	diff_deformation
0.6815318442956737	0.6248595580037717	5.0053751421101245	0.035215173596309435	2.112910415778566	M	H	M	H
0.7231570943538372	0.6554308205609326	4.452004800638406	0.027515122734454604	1.6509073640672762	M	H	M	M
0.7919873408083486	0.7324591146399193	5.728527406992141	0.03152607800095594	1.8915646800573565	H	H	M	H
0.7282993543963117	0.6828683206835593	5.147291953056995	0.022109986808929925	1.3265992085357954	M	H	M	M
0.7338024895735279	0.6855343384528272	5.136265318935346	0.017087031382181993	1.0252218829309196	M	H	M	M
