global	targets	interference	deformation	deformation_sum	diff_global	diff_targets	diff_interference	diff_deformation
0.7546588781365844	0.7013195020418796	4.709795564013687	0.0321909032397634	1.9314541943858041	H	H	M	H
0.7278031440762784	0.7404670252686432	6.616755587800858	0.03076340181170454	1.8458041087022723	M	H	M	H
0.7223169869747383	0.6477436508256846	8.103109844841546	0.025336957828725706	1.5202174697235424	M	H	M	M
0.7491181104962638	0.7504536898937576	6.928886341183189	0.020978946865706963	1.2587368119424178	H	H	M	M
0.7152624716009984	0.6862096053715636	3.5308200689383153	0.03099759485420866	1.8598556912525195	M	H	E	H
