absolute_gain	relative_gain
0.255218231928528	0.344052115558843
0.21557616546735026	0.31564475720763513
0.20682949132586909	0.2976795742251569
0.19904658110598378	0.3327636961692522
0.1983191835680979	0.2952785019509814
