global	targets	interference	deformation	deformation_sum	diff_global	diff_targets	diff_interference	diff_deformation
0.5924254522100616	0.48658285106722	6.097742860876949	0.023943171801088896	1.4365903080653337	E	M	M	M
0.5846635938886281	0.4673946761029455	4.8145173210246295	0.015366139132252007	0.9219683479351204	E	E	M	M
0.5897951969321207	0.48797629729511555	7.489704818019296	0.029811334540521595	1.7886800724312957	E	M	M	H
0.5554187953528509	0.39911536804108766	8.014228696018538	0.025289627314537332	1.51737763887224	E	E	M	M
0.5760966013362947	0.4733151625077316	5.45893281869544	0.024140875003432944	1.4484525002059767	E	M	M	M
