absolute_gain	relative_gain
0.18862355869542813	0.3147005234767667
0.18607342522379033	0.2696815161623094
0.16705626620174396	0.24541976240320132
0.16445568571959918	0.2736411614398691
0.15393917396129264	0.20583848515482683
