global	targets	interference	deformation	deformation_sum	diff_global	diff_targets	diff_interference	diff_deformation
0.5364605107981378	0.41075122661328967	3.970506293316161	0.02452776969689415	1.4716661818136492	E	E	E	M
0.6627169439692168	0.5039012822448555	4.3709461770605005	0.026523165391166795	1.5913899234700077	M	M	M	M
0.6004049566155761	0.5136397974155226	5.910037841753052	0.0176531480728858	1.0591888843731478	E	M	M	M
0.648935954426649	0.4365346216385914	3.2749981140723294	0.0271195364330604	1.627172185983624	M	E	E	M
0.6796703688718441	0.5939247342165355	5.962819404968832	0.016239507941793938	0.9743704765076362	M	M	M	M
