global	targets	interference	deformation	deformation_sum	diff_global	diff_targets	diff_interference	diff_deformation
0.7884111660233472	0.7202545996651003	2.4316240030935172	0.03155588434525779	1.8933530607154672	H	H	E	H
0.7453666865395692	0.6850113657636817	6.62400673798967	0.015966904518771766	0.9580142711263059	H	H	M	M
0.7157549110183333	0.6809737746125989	6.361988136048099	0.016973620179595614	1.0184172107757368	M	H	M	M
0.7082662111791715	0.6257619228158156	3.1742253646913032	0.02836043820058169	1.7016262920349012	M	H	E	M
0.7594478670429551	0.6602385553367576	5.1265140115200785	0.021720238015836255	1.3032142809501752	H	H	M	M
