absolute_gain	relative_gain
0.11348738184565133	0.17660683110039416
0.11196987834625133	0.1856560980644518
0.10937522003320438	0.17964823560929502
0.1070960435164402	0.1585893937904621
0.10512023740695375	0.14972542513536938
