absolute_gain	relative_gain
0.12623092956697024	0.20140494483517218
0.11794522153838616	0.17645461143947686
0.11345808876541197	0.1584891892701
0.11275426543843381	0.14586183768721472
0.11041717518542349	0.17482397092239682
