global	targets	interference	deformation	deformation_sum	diff_global	diff_targets	diff_interference	diff_deformation
0.5788484486136619	0.5005209591231331	4.422978685625741	0.011885683851424456	0.7131410310854673	E	M	M	M
0.5602256155590841	0.5504715490759701	2.7143342731492828	0.01439315360958761	0.8635892165752566	E	M	E	M
0.6941482527697277	0.6024146422891633	6.6455742920250565	0.012780372031417379	0.7668223218850427	M	M	M	M
0.6727836803921764	0.6602667469542894	5.273864073949765	0.02185584297233313	1.311350578339988	M	H	M	M
0.64804336181274	0.5211734162125772	4.97288023102987	0.02682571317855333	1.6095427907131998	M	M	M	M
