global	targets	interference	deformation	deformation_sum	diff_global	diff_targets	diff_interference	diff_deformation
0.6912114300474868	0.6898928823859289	6.088094694352094	0.01677292717869264	1.0063756307215583	M	H	M	M
0.6356959801068729	0.658472186712658	4.253767747866628	0.02615733355016619	1.5694400130099713	M	H	M	M
0.7545549837490537	0.7254561856545858	6.811918360972839	0.0208650420269843	1.251902521619058	H	H	M	M
0.7403079814813538	0.7068966332413655	6.32404371844452	0.035256969287489566	2.115418157249374	H	H	M	H
0.7476304215040491	0.6527716259539292	6.375679521588239	0.02662237921978734	1.5973427531872404	H	H	M	M
