global	targets	interference	deformation	deformation_sum	diff_global	diff_targets	diff_interference	diff_deformation
0.7655640158267103	0.6837252204818576	3.987028054381246	0.03311020780431674	1.9866124682590043	H	H	E	H
0.7002817580129385	0.6822794741344801	7.709042383951744	0.027320675623048962	1.6392405373829377	M	H	M	M
0.7245173958505488	0.6397835065814433	3.726422084366551	0.028963707753525067	1.737822465211504	M	H	E	M
0.6904728491181757	0.6726570486473479	7.1081075124605855	0.025249366273418134	1.5149619764050881	M	H	M	M
0.683080777448431	0.65823770836337	6.154220766257958	0.027450109878279942	1.6470065926967965	M	H	M	M
