global	targets	interference	deformation	deformation_sum	diff_global	diff_targets	diff_interference	diff_deformation
0.753741054234702	0.7242582478921652	5.32716684048978	0.03124562293710753	1.8747373762264519	H	H	M	H
0.6911926491528657	0.6650449691544114	3.9439878362730756	0.027764211829362357	1.6658527097617415	M	H	E	M
0.7616567055556263	0.7463987630587009	5.000917680534149	0.031317103357588166	1.8790262014552899	H	H	M	H
0.7651283373614358	0.6808120856645713	4.485316397352396	0.029113075244029653	1.746784514641779	H	H	M	H
0.7370300702079093	0.6570045652676025	5.284520414546528	0.026821499359127143	1.6092899615476286	M	H	M	M
