global	targets	interference	deformation	deformation_sum	diff_global	diff_targets	diff_interference	diff_deformation
0.7408903451547932	0.6783372429547121	3.2475459340406037	0.013572551881710259	0.8143531129026156	H	H	E	M
0.7851102395689156	0.7652247685325133	3.1551495510513776	0.009561416255280673	0.5736849753168404	H	H	E	E
0.696652868231777	0.6972944263385432	7.409378449429889	0.026685636075565337	1.6011381645339202	M	H	M	M
0.6960792053502868	0.686956943906213	5.631692571427461	0.025061269664553142	1.5036761798731886	M	H	M	M
0.7172071466668336	0.6094669680851845	11.481344132965477	0.014546315555643664	0.8727789333386198	M	M	H	M
