global	targets	interference	deformation	deformation_sum	diff_global	diff_targets	diff_interference	diff_deformation
0.7854894432404602	0.730902451335681	5.612588119933479	0.029758354494157244	1.7855012696494346	H	H	M	H
0.7588726744275286	0.7125167404477781	3.926551148435325	0.022905731825840613	1.3743439095504368	H	H	E	M
0.7158707764922191	0.7216763680107634	5.567666306581814	0.0320748434004376	1.9244906040262557	M	H	M	H
0.747965771768354	0.6610561676786906	7.460737181531033	0.025481547521608493	1.5288928512965096	H	H	M	M
0.7176623239567967	0.6614762542625562	5.720277965181722	0.028207029881668906	1.6924217929001344	M	H	M	M
