global	targets	interference	deformation	deformation_sum	diff_global	diff_targets	diff_interference	diff_deformation
0.6802130069142402	0.6215092104121723	2.5125996778916377	0.011731659200982887	0.7038995520589733	M	H	E	M
0.7918329713718387	0.5610064916404903	7.2471180399332065	0.01386062383685315	0.831637430211189	H	M	M	M
0.7164361851588039	0.551272079749406	8.42836495871556	0.022401623841000234	1.344097430460014	M	M	M	M
0.7316971056069158	0.6443916645382971	3.923624754456541	0.019263434402467677	1.1558060641480605	M	H	E	M
0.6797813282435468	0.5681735656013234	4.096475856208413	0.016613213446443936	0.9967928067866362	M	M	M	M
