global	targets	interference	deformation	deformation_sum	diff_global	diff_targets	diff_interference	diff_deformation
0.7165510251047852	0.6755365402611118	4.514148176761814	0.02108089292817549	1.2648535756905295	M	H	M	M
0.7256066640570142	0.7037084144063743	4.982436822369136	0.01548183796687449	0.9289102780124694	M	H	M	M
0.7622847618266901	0.7155302894950991	5.777595292168747	0.027498676629149656	1.6499205977489793	H	H	M	M
0.7422181572764794	0.6805607115709467	3.6916858528520624	0.030516113221011075	1.8309667932606646	H	H	E	H
0.7112318476324624	0.6377787635861204	8.717224928421256	0.01763329414508998	1.0579976487053988	M	H	M	M
