absolute_gain	relative_gain
0.0	0.0
0.17289670248870082	0.2415367144053411
0.0	0.0
0.18029380710286136	0.2668050778296605
0.0	0.0
0.17375716232775634	0.3032141743084237
0.0	0.0
0.163357955479436	0.22452371833923612
