global	targets	interference	deformation	deformation_sum	diff_global	diff_targets	diff_interference	diff_deformation
0.5857278822331469	0.5429228486481492	6.16250424285531	0.017938551199768695	1.0763130719861218	E	M	M	M
0.6186274261271331	0.49545722645868295	7.025525722549141	0.02482931651886419	1.4897589911318514	E	M	M	M
0.5301052427602636	0.39929376025547975	2.4763684697542243	0.01356036664867897	0.8136219989207383	E	E	E	M
0.5867810754931295	0.5642175393848353	6.42633250465323	0.028944495428861603	1.736669725731696	E	M	M	M
