absolute_gain	relative_gain
0.11767931223124906	0.17450857173058917
0.11074959991692102	0.16197467818119682
0.10979173958958166	0.1695729342710707
0.1010807265795115	0.15669790552675616
0.09963288434897899	0.16337356347047252
