global	targets	interference	deformation	deformation_sum	diff_global	diff_targets	diff_interference	diff_deformation
0.6536928637181313	0.5566675755131846	3.5250711479220405	0.03166059293817464	1.8996355762904784	M	M	E	H
0.6887062635639871	0.5729967804464858	4.291091799513053	0.004324400623153598	0.25946403738921586	M	M	M	E
0.5789854684510516	0.5376685409176493	3.4540923593776403	0.026026521298329393	1.5615912778997636	E	M	E	M
0.6351162532917072	0.5439867760122955	6.330426347543077	0.014407938741313374	0.8644763244788024	M	M	M	M
0.6050004900066516	0.5102141571950848	3.837840291099667	0.0161380047061165	0.9682802823669899	E	M	E	M
