global	targets	interference	deformation	deformation_sum	diff_global	diff_targets	diff_interference	diff_deformation
0.7385541697175032	0.6670447548729027	5.9199425727984964	0.028072335472623493	1.6843401283574095	M	H	M	M
0.7057455309876588	0.6482667789511543	7.264554445947415	0.012759632957228028	0.7655779774336816	M	H	M	M
0.7340946039848689	0.6789413898918671	5.365761568344126	0.032733245562720004	1.9639947337632002	M	H	M	H
0.7526406211895567	0.6405251506067788	3.5189423873136763	0.027776968146320444	1.6666180887792266	H	H	E	M
0.7282301476893965	0.6058886592596252	3.007180678380808	0.011638688522572514	0.6983213113543508	M	M	E	M
