absolute_gain	relative_gain
0.18743229329755595	0.3082624994507896
0.17087249866583432	0.23922986281829828
0.17065961935916263	0.24971834768986087
0.15055583664950734	0.21956834425125737
0.150346620205821	0.2491782876776128
