global	targets	interference	deformation	deformation_sum	diff_global	diff_targets	diff_interference	diff_deformation
0.5655707006782208	0.42059590874288477	3.0384117933763317	0.030772871580556964	1.8463722948334178	E	E	E	H
0.6577077087342303	0.5433882405781485	7.513565446544205	0.019644665021366137	1.1786799012819682	M	M	M	M
0.7015228134432406	0.5127487923091475	6.185695203658693	0.025281863054741685	1.5169117832845012	M	M	M	M
0.6590033324768797	0.5351342484258833	7.426803026557216	0.023777517193234895	1.4266510315940937	M	M	M	M
0.6250297190280899	0.45302304577542885	5.080013079540336	0.02027251917105637	1.2163511502633821	E	E	M	M
