absolute_gain	relative_gain
0.2376801693269724	0.3466162352964313
0.2185182231472948	0.3113070624546549
0.2172898880377317	0.322797963591314
0.21493115598184187	0.29304124396923115
0.20848686480162382	0.2924303284454288
