global	targets	interference	deformation	deformation_sum	diff_global	diff_targets	diff_interference	diff_deformation
0.5747826396652319	0.4480354582855219	6.123095776638692	0.027402654280561878	1.6441592568337127	E	E	M	M
0.575464833525023	0.48341966873437187	6.590920558181238	0.029965225386142803	1.7979135231685681	E	M	M	H
0.5843262867821996	0.45585527564377365	3.2531252983794876	0.033547658550621494	2.0128595130372897	E	E	E	H
0.5994148559106752	0.5185190337273217	4.307056601534524	0.02253237881543151	1.3519427289258905	E	M	M	M
0.6034568525515239	0.5044585602161855	7.184567438931514	0.02176052035593145	1.305631221355887	E	M	M	M
