global	targets	interference	deformation	deformation_sum	diff_global	diff_targets	diff_interference	diff_deformation
0.71462568431374	0.69330403746021	4.699782154065726	0.03195216207977873	1.9171297247867238	M	H	M	H
0.7128489097608289	0.6876476233692214	8.006442110071125	0.027482033295203066	1.648921997712184	M	H	M	M
0.6938310087614672	0.6496051480690915	4.716963170524988	0.03440871958474761	2.0645231750848567	M	H	M	H
0.7214312838702319	0.7086195309878952	5.758428744728788	0.019177854893167482	1.150671293590049	M	H	M	M
0.7109315895850997	0.6920225261674117	8.959294278401353	0.021423310476413847	1.285398628584831	M	H	M	M
