absolute_gain	relative_gain
0.19723494808652786	0.29086167332800716
0.17942408178882518	0.2963788256846866
0.17723579561117708	0.2870321861837069
0.175845154328657	0.24909754628230898
0.17318474538991008	0.2613553187087502
