global	targets	interference	deformation	deformation_sum	diff_global	diff_targets	diff_interference	diff_deformation
0.5708150161489715	0.48087071578381757	3.991776328512785	0.026096708114686864	1.565802486881212	E	M	E	M
0.5640693850389132	0.42596357157785636	4.586273484938192	0.01808545115147312	1.0851270690883872	E	E	M	M
0.5305856466139519	0.4402412823696954	9.415387038743605	0.01959245153024984	1.1755470918149904	E	E	M	M
0.5822988600221113	0.5300837355905031	5.536399870046081	0.030277466814887126	1.8166480088932275	E	M	M	H
0.5518006972447682	0.4894562379485777	4.555527594505516	0.02112240550046605	1.267344330027963	E	M	M	M
