absolute_gain	relative_gain
0.20101405881853024	0.29970348113082756
0.17546270094870747	0.2657379448274291
0.17138129175205474	0.26403759300974217
0.16465820442586687	0.24133202798507272
0.15711383398752504	0.24522190784049494
