global	targets	interference	deformation	deformation_sum	diff_global	diff_targets	diff_interference	diff_deformation
0.7535713910410241	0.660391873961873	4.19278992197578	0.012674448743493825	0.7604669246096295	H	H	M	M
0.7210978671546251	0.5869901144760608	6.086250107498613	0.025206324116463206	1.5123794469877923	M	M	M	M
0.7677326425588148	0.633158489525825	6.073186707516899	0.031033857550453438	1.8620314530272062	H	H	M	H
0.7369899545438657	0.6886682167374253	4.053125157728858	0.02550019781202875	1.530011868721725	M	H	M	M
0.7518067243284854	0.6979038322499064	10.447794114538658	0.017897397208576513	1.0738438325145907	H	H	H	M
