absolute_gain	relative_gain
0.250333951585937	0.33452212699541356
0.23290881623684168	0.3313203485842682
0.22369338972288083	0.32091725695487644
0.21520363154336403	0.30311017740426854
0.20681923631099486	0.2808140136086294
