global	targets	interference	deformation	deformation_sum	diff_global	diff_targets	diff_interference	diff_deformation
0.589191505104416	0.49799906253892295	7.559692866315662	0.026684741201872513	1.6010844721123507	E	M	M	M
0.5585981935598648	0.4700628461800942	4.567272314252253	0.015094910090762671	0.9056946054457603	E	M	M	M
0.5739562246257953	0.47335042725806115	4.733622875173021	0.02270202455477021	1.3621214732862126	E	M	M	M
0.55394252303868	0.49478121088685073	3.57198268893479	0.026385958388424023	1.5831575033054415	E	M	E	M
0.6318469272756945	0.5296797498088321	4.786486655970304	0.024751741618998912	1.4851044971399348	M	M	M	M
