global	targets	interference	deformation	deformation_sum	diff_global	diff_targets	diff_interference	diff_deformation
0.7233063101416107	0.637421794800937	5.629455991340971	0.028054043056138865	1.683242583368332	M	H	M	M
0.6804959745179426	0.6538231873177073	4.89977171187038	0.015335698200049715	0.9201418920029829	M	H	M	M
0.7469498632318525	0.6662194014324053	3.964869453071535	0.014310314942992083	0.858618896579525	H	H	E	M
0.7053661800017568	0.6582280774866072	3.5567051521837225	0.021024216019583795	1.2614529611750276	M	H	E	M
0.7098651974511008	0.5897043027053834	7.242513955400898	0.016341647609357246	0.9804988565614348	M	M	M	M
