absolute_gain	relative_gain
0.15136366290154102	0.22667712894180156
0.14925473733051287	0.2376843159948343
0.14695027343535916	0.22592661246780563
0.14619201063645115	0.24308740709391014
0.14531743957701915	0.22178388080302436
