global	targets	interference	deformation	deformation_sum	diff_global	diff_targets	diff_interference	diff_deformation
0.6708305598395748	0.5163863814375287	5.375326968340099	0.019733729996336803	1.184023799780208	M	M	M	M
0.7035190656688142	0.47869892762126576	3.2541667004764827	0.02312078828272798	1.3872472969636789	M	M	E	M
0.6869564659160796	0.5034833865492496	7.862172950329344	0.021823997405468407	1.3094398443281043	M	M	M	M
0.655639611437097	0.4552048794129535	5.261243408056359	0.026832637663232753	1.6099582597939652	M	E	M	M
0.6018153476549994	0.5099034856356734	4.684877298347501	0.01458461111694947	0.8750766670169682	E	M	M	M
