absolute_gain	relative_gain
0.1666675232299129	0.2721422625026484
0.16587469619304285	0.23793319123786216
0.16266432173280876	0.2584548368291966
0.16027541969539294	0.2508966047143051
0.1558202707035109	0.21050763730547412
