global	targets	interference	deformation	deformation_sum	diff_global	diff_targets	diff_interference	diff_deformation
0.6386854864929838	0.44576040948888324	5.919677489306436	0.0201526393148549	1.209158358891294	M	E	M	M
0.7192852320737947	0.5312735046530411	6.103367637941258	0.013272326128753712	0.7963395677252227	M	M	M	M
0.5837640622308299	0.4667080039254171	5.064629023043809	0.02765372724155429	1.6592236344932574	E	E	M	M
0.68805054361815	0.47853521657406917	6.339546016575475	0.022882065972616727	1.3729239583570036	M	M	M	M
0.7027662679114363	0.5843916888150661	4.920592878703644	0.01024671042683476	0.6148026256100856	M	M	M	E
