absolute_gain	relative_gain
0.11770912447498694	0.16809554674066238
0.11237192476978564	0.1620440334550211
0.10799564457237432	0.1732306126309401
0.10459253062593288	0.14254349663721255
0.10376107212408658	0.18167267535604845
