global	targets	interference	deformation	deformation_sum	diff_global	diff_targets	diff_interference	diff_deformation
0.587248252859417	0.5825421716321517	4.320422888067061	0.019317961481789873	1.1590776889073924	E	M	M	M
0.6598446804560272	0.5810934400069863	3.924495058221552	0.027443709842405472	1.6466225905443284	M	M	E	M
0.5846868104931302	0.51542560258591	3.0251767678596053	0.022247721535388516	1.334863292123311	E	M	E	M
0.6993835526419276	0.629166168251304	5.22432846647151	0.029273551348620943	1.7564130809172567	M	H	M	H
0.5820382588231755	0.4673819020228621	4.2274029298280755	0.022824137741945614	1.3694482645167367	E	E	M	M
