global	targets	interference	deformation	deformation_sum	diff_global	diff_targets	diff_interference	diff_deformation
0.7025616701187143	0.6124279327187961	6.633447758234239	0.02416032365727989	1.4496194194367935	M	H	M	M
0.701493602444985	0.697148200846084	6.879616986339785	0.015300787585366031	0.9180472551219618	M	H	M	M
0.6378963666697675	0.6293723256582259	5.078850725433023	0.028972104306353476	1.7383262583812085	M	H	M	M
0.6871975110935182	0.6388106362694621	8.432349759470462	0.02568985943088747	1.5413915658532482	M	H	M	M
0.6544432699091849	0.740211959518577	4.975098517639676	0.012989037265090956	0.7793422359054574	M	H	M	M
