absolute_gain	relative_gain
0.18843673254250465	0.31247723124942467
0.18723030023513498	0.25887489472112024
0.17955374786690947	0.2641296013632956
0.17783836527844077	0.2716601305916487
0.17060322212132645	0.2557401558971966
