global	targets	interference	deformation	deformation_sum	diff_global	diff_targets	diff_interference	diff_deformation
0.7321265974971285	0.6646606025437373	4.97173636862263	0.02181132178822521	1.3086793072935126	M	H	M	M
0.7498180603477067	0.673381519035528	4.13039229173604	0.01861577395065704	1.1169464370394224	H	H	M	M
0.7312668961579671	0.6738943050744154	4.2961963807944255	0.028459968793034873	1.7075981275820924	M	H	M	M
0.7767262796190721	0.6917278472127095	5.4883758698245195	0.025924239310602625	1.5554543586361576	H	H	M	M
0.7411776734179737	0.692502087068284	6.76540443824924	0.02510924417715694	1.5065546506294165	H	H	M	M
