absolute_gain	relative_gain
0.17981973478650382	0.2616619998346597
0.16508018377249073	0.275418955140761
0.15992866542372003	0.24830826523611635
0.15978937739249727	0.2576659500474165
0.15068074741488713	0.22603098686150624
