global	targets	interference	deformation	deformation_sum	diff_global	diff_targets	diff_interference	diff_deformation
0.7025393260917207	0.563340097033672	5.739877623471189	0.017144504523040456	1.0286702713824274	M	M	M	M
0.7200084102458914	0.6870764473999139	2.670228206657554	0.011818373149542654	0.7091023889725593	M	H	E	M
0.6732767492937743	0.6010202696518738	4.838992114163082	0.031165217358551555	1.8699130415130933	M	M	M	H
0.7568738781111648	0.6642312994573015	5.413099878469017	0.022330597954684957	1.3398358772810974	H	H	M	M
0.7399382290930047	0.6367811453769179	7.532295504675454	0.022194628557064264	1.3316777134238558	M	H	M	M
