absolute_gain	relative_gain
0.18970923250469585	0.2761126521300862
0.1766356211859148	0.2512394857321995
0.1763486212093901	0.256673491773523
0.17257402414161194	0.28508928571308156
0.1721240928298124	0.2669281432853488
