global	targets	interference	deformation	deformation_sum	diff_global	diff_targets	diff_interference	diff_deformation
0.5368379224520642	0.49736262400449915	6.1108167595713825	0.011544430463875302	0.6926658278325182	E	M	M	M
0.5908206926182612	0.5264211482193281	3.6574184926523827	0.010141279274740978	0.6084767564844586	E	M	E	E
0.5740864672818754	0.5107056592731153	5.262341919504528	0.02417983327791871	1.4507899966751225	E	M	M	M
0.5092512092330818	0.4327592268431101	2.630058979210728	0.02817351180824831	1.6904107084948987	E	E	E	M
0.5680360422023398	0.4727089723963224	5.4715882038811605	0.022472246231794092	1.3483347739076454	E	M	M	M
