global	targets	interference	deformation	deformation_sum	diff_global	diff_targets	diff_interference	diff_deformation
0.7026386133879385	0.6802545985085884	8.83541521957275	0.015132672855379857	0.9079603713227914	M	H	M	M
0.726430449064095	0.6271787633068369	6.759743582650409	0.02767313880236114	1.6603883281416683	M	H	M	M
0.703653207920587	0.6825606053677082	5.549758400199096	0.019018077054839464	1.1410846232903677	M	H	M	M
0.7825748048549919	0.7001154194966762	8.55351741279033	0.024688297405702306	1.4812978443421383	H	H	M	M
0.7300496458862289	0.6341003751491585	9.99737070244846	0.02549682672996587	1.529809603797952	M	H	H	M
