absolute_gain	relative_gain
0.19131752696076942	0.2782692139341197
0.1791821206080068	0.2657795700142411
0.17314532861130372	0.26811005751191747
0.1729519792505977	0.25153844915051227
0.1714240993171735	0.24265524868542093
