global	targets	interference	deformation	deformation_sum	diff_global	diff_targets	diff_interference	diff_deformation
0.5364568601179617	0.4962092182941473	4.497552185497354	0.007421117932576196	0.4452670759545717	E	M	M	E
0.5733651673198336	0.4949935528585649	7.009437630602678	0.023858894951151916	1.431533697069115	E	M	M	M
0.5477791249933414	0.4726541248598046	6.223970941460687	0.02887240703798343	1.7323444222790059	E	M	M	M
0.6104776336648203	0.5146247305314879	3.6866420041931405	0.020005395796381883	1.200323747782913	E	M	E	M
0.5878253933766376	0.5350271324029706	4.833736695349995	0.030062434389852972	1.8037460633911784	E	M	M	H
