global	targets	interference	deformation	deformation_sum	diff_global	diff_targets	diff_interference	diff_deformation
0.7521510348755182	0.6980194645559742	5.7789932767052345	0.028232244813857568	1.6939346888314541	H	H	M	M
0.7589346080768434	0.7391353539413149	4.30679794264574	0.020021583189091318	1.2012949913454791	H	H	M	M
0.7641385341296925	0.6976329378425334	5.355618201222819	0.03619344566709025	2.171606740025415	H	H	M	H
0.69841571954127	0.725922284165597	5.746351473835693	0.01940921007236153	1.1645526043416918	M	H	M	M
0.6586671888617073	0.6230677320316373	5.414136741151024	0.0339051030884915	2.03430618530949	M	H	M	H
