absolute_gain	relative_gain
0.18069361156152108	0.26741234912969764
0.1667999957637002	0.2404142584400148
0.1659947836081193	0.2597271415272705
0.16558042833239556	0.2584090193491719
0.1614436230070283	0.2385430463939528
