global	targets	interference	deformation	deformation_sum	diff_global	diff_targets	diff_interference	diff_deformation
0.7253864163245953	0.6474557385623476	4.895180958083219	0.015967889405717535	0.958073364343052	M	H	M	M
0.7122374014695176	0.696862074550961	9.933441496795238	0.019931511632923414	1.195890697975405	M	H	H	M
0.731835483998705	0.5999160940472976	6.724588462657747	0.029071540303138677	1.7442924181883206	M	M	M	H
0.7143237350141027	0.5756339548313432	3.6382267575332112	0.012979933692753852	0.7787960215652311	M	M	E	M
0.656541519917359	0.5751849981971641	5.2665247276259	0.026626387076217357	1.5975832245730415	M	M	M	M
