absolute_gain	relative_gain
0.19797292772566505	0.2917880913507539
0.18592598914481462	0.2672662118782531
0.17666257253121964	0.2576944629161871
0.1654790504317426	0.2448816764336755
0.1579744914299691	0.20651704427117826
