global	targets	interference	deformation	deformation_sum	diff_global	diff_targets	diff_interference	diff_deformation
0.6597397898556993	0.4805089349480412	7.44564965947217	0.0277976808269408	1.667860849616448	M	M	M	M
0.6941170201047603	0.5097324251313187	2.8784039613961583	0.02204591394675422	1.3227548368052533	M	M	E	M
0.654615443412912	0.5088879454427643	5.96659638412679	0.022818985877543205	1.3691391526525922	M	M	M	M
0.6380445450021895	0.5102720014300796	7.270876160115222	0.018948540076957114	1.1369124046174268	M	M	M	M
0.6762298950648552	0.6069720144987728	4.703066347194573	0.01278696025138438	0.7672176150830629	M	M	M	M
