global	targets	interference	deformation	deformation_sum	diff_global	diff_targets	diff_interference	diff_deformation
0.7144551848505191	0.6237144489430698	5.369568246140977	0.019377591574241557	1.1626554944544933	M	H	M	M
0.7299034568613788	0.7511764598908088	6.6231572234329805	0.026410974646400784	1.584658478784047	M	H	M	M
0.6878757346804037	0.6263619954536381	6.439649464360266	0.022471285897582523	1.3482771538549514	M	H	M	M
0.7101974528661651	0.6825425985962404	3.722886777237191	0.027725899115576415	1.6635539469345848	M	H	E	M
0.658846681149173	0.6147664895241448	3.3338048274268846	0.018903742258913066	1.134224535534784	M	H	E	M
