absolute_gain	relative_gain
0.21386268850414036	0.31279040482581577
0.20782682634851912	0.3046065933789994
0.19820449976390037	0.30979932699885765
0.1929631895594826	0.2868671189092778
0.1921221322857209	0.2918734825499587
