global	targets	interference	deformation	deformation_sum	diff_global	diff_targets	diff_interference	diff_deformation
0.6096786418939072	0.4698625319777172	3.6832483208405384	0.027199119481482573	1.6319471688889544	E	E	E	M
0.5987182463539965	0.47445264778596097	7.494211070296969	0.02702020357402312	1.6212122144413872	E	M	M	M
0.5444381108407449	0.441579006817543	3.1663019090125224	0.023474153933742966	1.408449236024578	E	E	E	M
0.5754451404142672	0.47969385908786527	6.639772373874683	0.023727356972761234	1.423641418365674	E	M	M	M
0.5452732613770828	0.46611557607764914	6.14516926370122	0.02351716755603895	1.411030053362337	E	E	M	M
