absolute_gain	relative_gain
0.10509771925814959	0.16910082344306837
0.10386756476651166	0.18514503185655307
0.09749783953108432	0.17685974514690517
0.09706158830987277	0.15062514562384482
0.09663465037281488	0.17007945498228544
