global	targets	interference	deformation	deformation_sum	diff_global	diff_targets	diff_interference	diff_deformation
0.6005186544793155	0.5164114911540227	2.2050460678783224	0.011351367547176265	0.6810820528305759	E	M	E	M
0.6296983984191904	0.45713892687397867	6.883907190110049	0.013685130120241975	0.8211078072145185	E	E	M	M
0.6047323482076534	0.45377424021832163	7.772873084073648	0.02127704637143237	1.2766227822859422	E	E	M	M
0.6557297706138989	0.5473300762284243	3.6749399765231874	0.016262214432366317	0.975732865941979	M	M	E	M
0.5671007038072162	0.4715389152285085	3.9553897687414232	0.015421632019001572	0.9252979211400943	E	M	E	M
