absolute_gain	relative_gain
0.18915148527456566	0.29172613170297024
0.18735861317367003	0.28113656072768445
0.1785864298590436	0.26747787485219154
0.17146441846397265	0.2408716337063197
0.17015408524785314	0.254476081585722
