absolute_gain	relative_gain
0.11926101490523833	0.17864433284178113
0.11819698878113383	0.19428513950457577
0.11413063587283179	0.18467539816641143
0.11281868000337258	0.16282902891375176
0.11123368070304973	0.1585885961154503
