global	targets	interference	deformation	deformation_sum	diff_global	diff_targets	diff_interference	diff_deformation
0.5941629357072583	0.548328116012581	5.490411472346718	0.016615081134298635	0.996904868057918	E	M	M	M
0.5916942953828151	0.49017166505690235	3.6764154338795536	0.01397756268181783	0.8386537609090698	E	M	E	M
0.5644303703217002	0.5038760775605862	6.189726519016996	0.016483911917351022	0.9890347150410612	E	M	M	M
0.5876075549370572	0.580047209795252	4.769046117463982	0.0315970592061119	1.8958235523667142	E	M	M	H
0.6386274907884988	0.5901640454113373	4.931883662045968	0.016191139638069767	0.971468378284186	M	M	M	M
