global	targets	interference	deformation	deformation_sum	diff_global	diff_targets	diff_interference	diff_deformation
0.7001543240225861	0.678701428785893	5.20685389513896	0.03164591217678887	1.898754730607332	M	H	M	H
0.7064834190201396	0.6309113369263986	6.072338507715185	0.026565084387443403	1.593905063246604	M	H	M	M
0.7635334338005968	0.6559057025973611	9.960878416309152	0.023247750499275043	1.3948650299565026	H	H	H	M
0.7564411160195846	0.6732014469537861	8.409319545613583	0.014931834355036155	0.8959100613021693	H	H	M	M
0.6624721764627114	0.6222455959154212	8.626274254425672	0.02782105460828453	1.6692632764970718	M	H	M	M
