absolute_gain	relative_gain
0.2229047121476066	0.3197221879217606
0.22101552299641392	0.30431893365863855
0.21811074461698854	0.3014930290207406
0.21392723832212696	0.32414610842188324
0.20538559925688787	0.2969546781470211
