global	targets	interference	deformation	deformation_sum	diff_global	diff_targets	diff_interference	diff_deformation
0.5714311811136158	0.47427778118048775	6.340133337540414	0.025740022527859074	1.5444013516715445	E	M	M	M
0.6055777468606302	0.5052472840503932	3.5288950259964524	0.018944978838624907	1.1366987303174945	E	M	E	M
0.5814946248378381	0.5053247037096925	4.473900457176717	0.01089341585844521	0.6536049515067126	E	M	M	E
0.5703366954729071	0.4460444002813388	8.210101005974446	0.02760589375669934	1.6563536254019604	E	E	M	M
0.5654697621620781	0.4862539483618981	4.598591753182813	0.028857866688670786	1.7314720013202471	E	M	M	M
