absolute_gain	relative_gain
0.2525762753351269	0.3712966819906592
0.21828871045933101	0.3480486317942128
0.210172452439778	0.3079176424583633
0.21015674330815287	0.30017442475304684
0.20319690377015365	0.3204491145780444
