global	targets	interference	deformation	deformation_sum	diff_global	diff_targets	diff_interference	diff_deformation
0.5727299636203818	0.4276783231734615	8.464143476598663	0.014370304562353577	0.8622182737412146	E	E	M	M
0.49114911261445	0.40889005284750585	6.241214149143413	0.025195958776683514	1.5117575266010108	E	E	M	M
0.5952699486841715	0.47238815292793024	4.85470483897105	0.0160554303230917	0.9633258193855021	E	M	M	M
0.5742492255164497	0.48995867618852335	7.321115615354066	0.02235046768458206	1.3410280610749237	E	M	M	M
0.5587820232243069	0.43090347137900487	9.423879025050692	0.023732339943128185	1.4239403965876911	E	E	M	M
