global	targets	interference	deformation	deformation_sum	diff_global	diff_targets	diff_interference	diff_deformation
0.7334373823270991	0.7193727203383954	5.271767341369905	0.025028555468355602	1.5017133281013362	M	H	M	M
0.7680168556890367	0.7263930824521114	8.873815566775134	0.02630905262603167	1.5785431575619002	H	H	M	M
0.7686353293112691	0.6946877184831591	5.9578728405559085	0.022330936984735494	1.3398562190841297	H	H	M	M
0.7873397327732871	0.6781715754059994	6.910919693427229	0.02422541122402304	1.4535246734413823	H	H	M	M
0.7505194902693123	0.6570111589186589	8.095699537883155	0.02603070349554544	1.5618422097327265	H	H	M	M
