global	targets	interference	deformation	deformation_sum	diff_global	diff_targets	diff_interference	diff_deformation
0.6273434089534479	0.5216766606915103	4.235764540912894	0.020164581563192674	1.2098748937915604	E	M	M	M
0.6158754818700551	0.5785629618568486	4.180657255343225	0.013011952043153049	0.7807171225891829	E	M	M	M
0.6305968726752781	0.48253944912407704	3.4967732872072124	0.022400947896845543	1.3440568738107326	M	M	E	M
0.6547482130698042	0.6089256316522793	5.317555787566168	0.027929233330973764	1.6757539998584259	M	M	M	M
0.6786594993926737	0.5360842795949332	9.494375847532899	0.02435819198312424	1.4614915189874544	M	M	H	M
