absolute_gain	relative_gain
0.19981999788668103	0.2990494175489014
0.19254675923921	0.29053321862366754
0.18136095321656365	0.2574965992405462
0.1785227023943542	0.2716561880611009
0.178186086066505	0.2612848873388391
