global	targets	interference	deformation	deformation_sum	diff_global	diff_targets	diff_interference	diff_deformation
0.6000521005487138	0.4683638746132742	6.929127786413035	0.012772156017332892	0.7663293610399735	E	E	M	M
0.5186254881262425	0.4701890206876251	5.705393399838785	0.02554160056593249	1.5324960339559495	E	M	M	M
0.5533137990602383	0.5229627300921285	6.084300424951349	0.02054568441781581	1.2327410650689488	E	M	M	M
0.4885856448236573	0.4786414272672196	5.038143560127256	0.030769963089504714	1.846197785370283	E	M	M	H
0.5890273458339905	0.5037748489164279	2.8890966372485383	0.010315246409732054	0.6189147845839232	E	M	E	E
