global	targets	interference	deformation	deformation_sum	diff_global	diff_targets	diff_interference	diff_deformation
0.6717401622596204	0.6460488343792142	9.369844397379438	0.019495928635231436	1.1697557181138862	M	H	M	M
0.7241767087854328	0.7484308696521993	3.5178460373036953	0.018418094284932043	1.1050856570959227	M	H	E	M
0.7648256759494603	0.7094951171295687	5.474770482474296	0.010575406616856364	0.6345243970113819	H	H	M	E
0.7367104843763242	0.7552760030470417	4.794013632201924	0.018379775078209815	1.1027865046925889	M	H	M	M
0.7393623965997178	0.5982155980337079	5.391101171960266	0.02412953248919404	1.4477719493516426	M	M	M	M
