absolute_gain	relative_gain
0.204924437472089	0.25130154860549875
0.17607535292945498	0.2467732303551251
0.17030115366961351	0.2455650639044817
0.16509146645486855	0.24972905337508222
0.1610262162475663	0.24859996051920055
