global	targets	interference	deformation	deformation_sum	diff_global	diff_targets	diff_interference	diff_deformation
0.725503731409137	0.6105279089588753	6.166109643893559	0.028738683521976827	1.7243210113186096	M	H	M	M
0.7291401846416004	0.5374353981194712	7.04756856710517	0.027001680216601168	1.6201008129960701	M	M	M	M
0.6746722365444638	0.5232061024596872	3.866467636142175	0.01811459044666391	1.0868754267998346	M	M	E	M
0.6476690844088312	0.49599087147762794	5.361046818485193	0.01657394798270142	0.9944368789620852	M	M	M	M
0.6279461946444872	0.4867060517353543	6.6122523481498705	0.020830835747105803	1.2498501448263482	E	M	M	M
