absolute_gain	relative_gain
0.2693755382734725	0.3842254808807577
0.2313080138145368	0.33532730190702575
0.21457482522973004	0.3063074706640067
0.20961442878168385	0.3067276346474816
0.19443115217266627	0.32016268833564004
