global	targets	interference	deformation	deformation_sum	diff_global	diff_targets	diff_interference	diff_deformation
0.7341118717387864	0.6971824933280943	6.961804861085593	0.029768650494288517	1.786119029657311	M	H	M	H
0.753968004455158	0.7262628070468071	3.653347320879053	0.020494572796617757	1.2296743677970654	H	H	E	M
0.7388990940961221	0.723435448326681	5.01030456961929	0.016845731094446297	1.0107438656667778	M	H	M	M
0.6836414893676016	0.6599716386034657	9.781957685725322	0.028006265640295156	1.6803759384177093	M	H	H	M
0.7439423872216985	0.691639547618786	5.122748492665677	0.029930648073917335	1.7958388844350401	H	H	M	H
