global	targets	interference	deformation	deformation_sum	diff_global	diff_targets	diff_interference	diff_deformation
0.6706276021399257	0.6722503241083329	4.488667040217659	0.016031476161075146	0.9618885696645086	M	H	M	M
0.7288532265658463	0.6925807692681889	4.996588032591339	0.009217493184014594	0.5530495910408756	M	H	M	E
0.722569276850592	0.6693429531743988	5.02092328495189	0.010587856427232645	0.6352713856339587	M	H	M	E
0.6385530526731207	0.6763468378956144	4.871094345953737	0.005489370847627684	0.329362250857661	M	H	M	E
0.7118673468294818	0.6946356748520353	3.474230558842369	0.03327245202913194	1.9963471217479163	M	H	E	H
