global	targets	interference	deformation	deformation_sum	diff_global	diff_targets	diff_interference	diff_deformation
0.749373442370622	0.7029752902121129	3.188989545370627	0.024870378450818388	1.4922227070491032	H	H	E	M
0.730455725312329	0.6755051349334149	5.309781574603505	0.018952082857522833	1.13712497145137	M	H	M	M
0.7151012169761274	0.6543039186576161	6.689409373050852	0.014238084838375353	0.8542850903025212	M	H	M	M
0.7550462585734479	0.6589071184808488	6.109691489935665	0.012081759774465316	0.7249055864679189	H	H	M	M
0.7468715191753513	0.6576743808534118	4.334609011430738	0.005520733560059001	0.33124401360354006	H	H	M	E
