global	targets	interference	deformation	deformation_sum	diff_global	diff_targets	diff_interference	diff_deformation
0.732168064147173	0.6857156276124943	6.280942692468549	0.03239240162323411	1.9435440973940468	M	H	M	H
0.7166331252185512	0.7019378918816667	6.870569024273704	0.030966602456861562	1.8579961474116937	M	H	M	H
0.751674756671948	0.6731451636815053	3.84069649711019	0.03391710514979954	2.0350263089879723	H	H	E	H
0.7432602602188599	0.7334501897091635	4.696261346951533	0.02330741988975371	1.3984451933852227	H	H	M	M
0.7338157780796913	0.7129454250178093	7.530751177134689	0.02394094882737471	1.4364569296424827	M	H	M	M
