global	targets	interference	deformation	deformation_sum	diff_global	diff_targets	diff_interference	diff_deformation
0.7204507387954865	0.6188806397006018	4.794068349722903	0.023530600007609277	1.4118360004565567	M	H	M	M
0.7039608263855246	0.6717160103958383	4.665919389753695	0.012817994790734383	0.769079687444063	M	H	M	M
0.7564050117050403	0.6028974133402267	6.6292889704349625	0.02370531758209795	1.422319054925877	H	M	M	M
0.7306814074581411	0.621912005046951	6.218378131599585	0.02702898080799512	1.6217388484797073	M	H	M	M
0.7411484897899553	0.6418751387992504	3.812037990911925	0.0238432996206938	1.430597977241628	H	H	E	M
