absolute_gain	relative_gain
0.13116187926270495	0.20258045677986455
0.10723339463428405	0.15388037109550312
0.10298576457430575	0.17166694742179447
0.10253043337939183	0.17811741736019124
0.10166613698190408	0.17675380495068924
