global	targets	interference	deformation	deformation_sum	diff_global	diff_targets	diff_interference	diff_deformation
0.7617329240502376	0.607890047757201	4.798721211664547	0.023021923775681064	1.3813154265408638	H	M	M	M
0.6958039206889185	0.6101654154310797	5.075433475557095	0.01894169860943288	1.1365019165659727	M	H	M	M
0.6768873814228988	0.6496505486257304	7.46450868214953	0.024547655981937068	1.472859358916224	M	H	M	M
0.6319087393622738	0.5975041232761013	6.607456294888909	0.024779652633130114	1.486779157987807	M	M	M	M
0.773943647573816	0.6281745943683931	5.552642774710224	0.019310183790518597	1.1586110274311159	H	H	M	M
