absolute_gain	relative_gain
0.24921542089490817	0.3540962954010868
0.22701511370762595	0.33810261948599496
0.2088816585206601	0.2872528989906049
0.20599402507908898	0.3092112799883852
0.20512080250737474	0.2996029741724118
