absolute_gain	relative_gain
0.20127643110079507	0.2931980059492974
0.18561709656660497	0.25034927445659544
0.1854110078508039	0.27028240746402793
0.17981681536879157	0.2688053374034834
0.17879539807166844	0.25684852874399355
