global	targets	interference	deformation	deformation_sum	diff_global	diff_targets	diff_interference	diff_deformation
0.6713943742177636	0.48520992629824433	5.227234590085326	0.0260735932867781	1.564415597206686	M	M	M	M
0.7059635515582269	0.5558154359202688	5.102162507289098	0.028581575104888613	1.7148945062933167	M	M	M	M
0.6461108746628433	0.5005789150245145	3.987970792186751	0.019123385820446096	1.1474031492267658	M	M	E	M
0.5922464691383442	0.4891312684219783	2.6415733966003807	0.011066990488131508	0.6640194292878905	E	M	E	M
0.6659493185930576	0.517316816181572	4.7470403022399	0.03521936060675295	2.1131616364051773	M	M	M	H
