absolute_gain	relative_gain
0.12685716952367598	0.22518753802837055
0.11143452339542526	0.16218649877626298
0.1101873579047627	0.1833338465749017
0.10786029947493103	0.16238364491865467
0.10770689912111686	0.1691427265129905
