global	targets	interference	deformation	deformation_sum	diff_global	diff_targets	diff_interference	diff_deformation
0.5832546851863005	0.43648292750999607	5.309501129972543	0.016497101179992	0.98982607079952	E	E	M	M
0.6106759907510619	0.5756419240044887	2.5000486717020705	0.011099347446289189	0.6659608467773513	E	M	E	M
0.6039401106418602	0.49083291174711113	4.67910545207155	0.027835925393848288	1.6701555236308974	E	M	M	M
0.6508627424317016	0.5563709999823705	5.206369152861462	0.020011332472132562	1.2006799483279538	M	M	M	M
0.6236172663314636	0.529074246255801	7.471721183194486	0.021037293940465905	1.2622376364279544	E	M	M	M
