global	targets	interference	deformation	deformation_sum	diff_global	diff_targets	diff_interference	diff_deformation
0.7223044988206527	0.7659891989624071	5.144954640868529	0.008456497242755502	0.5073898345653302	M	H	M	E
0.7249769124918147	0.630887660154951	6.766568610101332	0.023621958732539743	1.4173175239523845	M	H	M	M
0.7443235399796527	0.6127055318412726	5.572254108450634	0.026789724792847625	1.6073834875708575	H	H	M	M
0.7413394074217521	0.6372970001285824	6.0632865454646305	0.026012023166080638	1.5607213899648382	H	H	M	M
0.7228129509901698	0.6688575293141172	5.1062762426925	0.019915280259917897	1.1949168155950738	M	H	M	M
