global	targets	interference	deformation	deformation_sum	diff_global	diff_targets	diff_interference	diff_deformation
0.6604391298371761	0.6538155192567008	4.5460283838145354	0.02363607013440401	1.4181642080642407	M	H	M	M
0.6719645737495221	0.5679913041883239	8.33355758125347	0.010674244744461103	0.6404546846676662	M	M	M	E
0.7832653158003702	0.6246383733207186	8.791301782314651	0.015892275350308162	0.9535365210184896	H	H	M	M
0.7794495739409215	0.6775433256418684	4.856665224473874	0.027315398011838236	1.6389238807102942	H	H	M	M
0.7996723776959691	0.7263670332551792	9.167860569487889	0.029040851928632105	1.7424511157179263	H	H	M	H
