global	targets	interference	deformation	deformation_sum	diff_global	diff_targets	diff_interference	diff_deformation
0.7049509687516189	0.6875267452549167	4.502633699058854	0.00823022041135613	0.4938132246813678	M	H	M	E
0.7108188349418307	0.6741756734665717	7.697092911369522	0.02511564824167306	1.5069388945003837	M	H	M	M
0.6963398910460038	0.6457994534711083	6.700653720915603	0.030390782773044186	1.8234469663826511	M	H	M	H
0.7601815991113396	0.6875767097820856	3.9531947829808796	0.022787577066386695	1.3672546239832017	H	H	E	M
0.7649775434217522	0.7064512317201441	5.11295200209356	0.031161977781559255	1.8697186668935553	H	H	M	H
