absolute_gain	relative_gain
0.2579308553635751	0.34589155130195276
0.20658611121059756	0.2822277451445131
0.20546887037954886	0.30842836751102515
0.2009569280356056	0.31375686123214713
0.19974940109698813	0.2830390322099425
