global	targets	interference	deformation	deformation_sum	diff_global	diff_targets	diff_interference	diff_deformation
0.5795373550542264	0.4877677729860064	4.94779727048623	0.030813488611401738	1.8488093166841042	E	M	M	H
0.5858017453711704	0.5253975961489192	3.789880064214672	0.022373681833388677	1.3424209100033206	E	M	E	M
0.610264155694612	0.46071132581204866	4.436568805952299	0.028823350103666743	1.7294010062200045	E	E	M	M
0.5977562125237201	0.43952923455039306	3.8294019456523416	0.027704171755118728	1.6622503053071236	E	E	E	M
0.5784689279895007	0.5059815348003097	4.4877544080910505	0.027631168330733147	1.6578700998439888	E	M	M	M
