absolute_gain	relative_gain
0.1886698392780647	0.2729488806574377
0.18695832077737135	0.27244653265238034
0.17794031826447232	0.24028283385189136
0.17602200656371625	0.2711940179845621
0.1714916718058166	0.2684588213351076
