global	targets	interference	deformation	deformation_sum	diff_global	diff_targets	diff_interference	diff_deformation
0.5556066844932661	0.5025579057254155	13.952550516908298	0.019408588353582664	1.1645153012149598	E	M	H	M
0.5309520652168603	0.4992619036360368	7.830694694893206	0.011027273370912557	0.6616364022547534	E	M	M	M
0.6173695136651349	0.562604960863347	3.9661556835671075	0.029734358758164735	1.7840615254898842	E	M	E	H
0.5082138838824234	0.4730410069638772	8.4046260752076	0.012057583825803806	0.7234550295482284	E	M	M	M
0.5570550678340963	0.4673089865333244	6.70979728722499	0.022544149924333165	1.3526489954599898	E	E	M	M
