global	targets	interference	deformation	deformation_sum	diff_global	diff_targets	diff_interference	diff_deformation
0.7440942891954289	0.7075307661583088	5.353565652679168	0.027901558182484347	1.6740934909490608	H	H	M	M
0.792127888554709	0.6797855408194792	7.468913876821403	0.03598359056772446	2.1590154340634675	H	H	M	H
0.699128375717914	0.5968850144188363	5.55938587566725	0.02765192335639905	1.659115401383943	M	M	M	M
0.7128640018262197	0.6368441067518293	4.726008243433318	0.021393594952490925	1.2836156971494554	M	H	M	M
0.7401212416993632	0.6775476691230687	7.77426346547995	0.028488271362194496	1.7092962817316697	H	H	M	M
