absolute_gain	relative_gain
0.24462888179630699	0.33457993764200494
0.24079786333682296	0.34543760842210736
0.20585466803871982	0.31270812533206177
0.20134845265508317	0.30256934453237916
0.1979184920380686	0.29702657333240934
