global	targets	interference	deformation	deformation_sum	diff_global	diff_targets	diff_interference	diff_deformation
0.6310211770605986	0.48652339087240243	3.5420578509289986	0.025668205132316	1.5400923079389601	M	M	E	M
0.5607427595073287	0.45628275980881927	4.239818227099251	0.02727703136750996	1.6366218820505976	E	E	M	M
0.574263478739296	0.4524418435089885	8.421561555588607	0.025189395341613012	1.5113637204967807	E	E	M	M
0.5868083056763597	0.4641137175666461	5.538382757678965	0.020435793882378116	1.226147632942687	E	E	M	M
0.574069411956401	0.46841411860203536	4.027996976614608	0.022226133150681317	1.333567989040879	E	E	M	M
