global	targets	interference	deformation	deformation_sum	diff_global	diff_targets	diff_interference	diff_deformation
0.7233022738843474	0.6464553966497639	6.425655928623777	0.01597125745729733	0.9582754474378399	M	H	M	M
0.6938279307268417	0.6074296637026785	9.317892513790728	0.018715303423469824	1.1229182054081894	M	M	M	M
0.7599191295321852	0.7577912736475189	3.9449745343656857	0.024001422153048728	1.4400853291829236	H	H	E	M
0.7654547642697576	0.6987697271701935	6.33848278199679	0.016228466699821135	0.9737080019892682	H	H	M	M
0.7797895169712116	0.6725090620246479	4.502380733954139	0.013739610005611433	0.8243766003366859	H	H	M	M
