global	targets	interference	deformation	deformation_sum	diff_global	diff_targets	diff_interference	diff_deformation
0.8069136932459333	0.64037685617486	7.005565419291143	0.031714899361320006	1.9028939616792004	H	H	M	H
0.6621212328300472	0.6420473086609166	2.433595869290755	0.020021723533628164	1.2013034120176898	M	H	E	M
0.72193764896055	0.6755196884287671	2.7066536090078936	0.03336113424096505	2.0016680544579026	M	H	E	H
0.7132959781876349	0.6230199199385511	5.272154230139329	0.01693292971012623	1.015975782607574	M	H	M	M
0.6854821736467566	0.6097601656560059	6.459810093518366	0.024787016491733725	1.4872209895040236	M	M	M	M
