absolute_gain	relative_gain
0.17816055361680883	0.26776460742335667
0.17567666999448406	0.2397705452291022
0.1696615194835432	0.2571705843685216
0.15881442683717883	0.29572353890804837
0.15725285313771326	0.24508739641866167
