global	targets	interference	deformation	deformation_sum	diff_global	diff_targets	diff_interference	diff_deformation
0.6815856892410553	0.4872020397864453	3.801727136882637	0.02204109766936442	1.3224658601618653	M	M	E	M
0.7356551014399032	0.5570099484832941	6.8624082584984025	0.019332412348519085	1.1599447409111452	M	M	M	M
0.6563722715124921	0.49006214175922463	5.687197640932818	0.0188167291595815	1.1290037495748901	M	M	M	M
0.5121426144114212	0.3782223860712459	5.928330818688971	0.022930568655117157	1.3758341193070294	E	E	M	M
0.5747325134949344	0.4843666484587367	3.663891525658399	0.023223066611584624	1.3933839966950774	E	M	E	M
