global	targets	interference	deformation	deformation_sum	diff_global	diff_targets	diff_interference	diff_deformation
0.7072050285630821	0.7181976297595616	7.851872196189868	0.014391986622750824	0.8635191973650495	M	H	M	M
0.7145060048767344	0.6876359341645677	3.6925438799467987	0.020914122181580005	1.2548473308948003	M	H	E	M
0.7077958301983469	0.7001433897542316	4.258160444877737	0.012782870629717256	0.7669722377830354	M	H	M	M
0.7445561664784648	0.6528282581748943	8.619532988285208	0.03615229499088559	2.1691376994531355	H	H	M	H
0.6879533184593486	0.6751086382838277	7.237730470349139	0.031797984780032706	1.9078790868019624	M	H	M	H
