global	targets	interference	deformation	deformation_sum	diff_global	diff_targets	diff_interference	diff_deformation
0.7179257431543875	0.6573786139461647	5.379130588749853	0.02889007525587679	1.7334045153526074	M	H	M	M
0.696522349359557	0.6619489900995267	5.156526338259343	0.0332500702251342	1.9950042135080523	M	H	M	H
0.7559179802171495	0.5870404842035298	3.5445663795062656	0.0339919730747437	2.039518384484622	H	M	E	H
0.6671035486867416	0.6887709287138153	5.875273526950772	0.02222760851337364	1.3336565108024185	M	H	M	M
0.7186858098742842	0.6087528250351568	8.812155247540339	0.021345343271455305	1.2807205962873183	M	M	M	M
