global	targets	interference	deformation	deformation_sum	diff_global	diff_targets	diff_interference	diff_deformation
0.6983104654304549	0.6267518886901033	4.49541716761365	0.012374381945826685	0.7424629167496011	M	H	M	M
0.6795986954608272	0.6684167706143562	2.8224356578963383	0.017484379810417314	1.0490627886250388	M	H	E	M
0.7433816895726856	0.7158727310545753	7.292768350433412	0.013787157808921745	0.8272294685353047	H	H	M	M
0.7476726888158226	0.7730210123927233	5.284141094088886	0.021912542779453717	1.314752566767223	H	H	M	M
0.7126833375067548	0.6315905913980007	5.404283372369778	0.0290081179746138	1.740487078476828	M	H	M	H
