global	targets	interference	deformation	deformation_sum	diff_global	diff_targets	diff_interference	diff_deformation
0.721187514874828	0.7089205974481477	5.111046694743938	0.022713304169429956	1.3627982501657974	M	H	M	M
0.7520932519380036	0.7337842385453283	5.091845585132705	0.026024418936082348	1.5614651361649408	H	H	M	M
0.7480162927267132	0.70889357301958	4.933343504173437	0.028077607315536747	1.6846564389322047	H	H	M	M
0.7336386213628405	0.668635241397097	5.3043054618398555	0.027052135306784655	1.6231281184070794	M	H	M	M
0.7249796252569443	0.6771727802931615	8.671621349776116	0.02234171560237691	1.3405029361426146	M	H	M	M
