global	targets	interference	deformation	deformation_sum	diff_global	diff_targets	diff_interference	diff_deformation
0.579090941603845	0.47055553227813607	4.064837569658072	0.014193753145909227	0.8516251887545536	E	M	M	M
0.5642647549164973	0.5104566193353562	6.597035907081272	0.02883526768315444	1.7301160609892665	E	M	M	M
0.6013628940010817	0.47794996363117276	4.581120469636519	0.012999984250098394	0.7799990550059036	E	M	M	M
0.5583375990008312	0.42958622501524457	4.595321027127868	0.015152444579554948	0.9091466747732969	E	E	M	M
0.5384784189767485	0.4290537639001068	5.627341479352225	0.018215257520548186	1.0929154512328911	E	E	M	M
