global	targets	interference	deformation	deformation_sum	diff_global	diff_targets	diff_interference	diff_deformation
0.6959028685626832	0.6642813388214825	5.273990702898855	0.009893520225765905	0.5936112135459544	M	H	M	E
0.703201659644105	0.6565094428999247	10.016899098269374	0.01889503150036802	1.1337018900220812	M	H	H	M
0.754800075844653	0.6280073738969146	3.1672034957381148	0.022366728770922977	1.3420037262553786	H	H	E	M
0.7168727295408143	0.7008169503877251	4.798290440612486	0.03129400888502888	1.8776405331017327	M	H	M	H
0.7515797673844596	0.6571504052381976	5.147575284156288	0.02725395174541447	1.6352371047248684	H	H	M	M
