absolute_gain	relative_gain
0.19646759510563538	0.2804557774972115
0.18783518865189247	0.27677232696831533
0.17917240006128504	0.27422642842230127
0.17802894749833392	0.26629630117102787
0.17744021444857183	0.2718065087563417
