global	targets	interference	deformation	deformation_sum	diff_global	diff_targets	diff_interference	diff_deformation
0.5397532179056361	0.5040620814762237	3.4552423620683888	0.00905344993300843	0.5432069959805058	E	M	E	E
0.5722199083281602	0.4908279953065084	5.1482042824397904	0.020952121082466548	1.257127264947993	E	M	M	M
0.5607309952433639	0.47420153290393735	7.935396756794436	0.026130150291498275	1.5678090174898964	E	M	M	M
0.5549431953754713	0.4905081171002293	3.8198857547099223	0.019473324320879323	1.1683994592527593	E	M	E	M
0.5656063263575722	0.4753779070175199	6.4285971756095455	0.024217438854000174	1.4530463312400104	E	M	M	M
