global	targets	interference	deformation	deformation_sum	diff_global	diff_targets	diff_interference	diff_deformation
0.6950002313527668	0.700529676581859	3.4858479015914057	0.011383529867985548	0.6830117920791329	M	H	E	M
0.7588246850233928	0.6786631839584009	5.473233326440896	0.022183217833726752	1.3309930700236052	H	H	M	M
0.717094674497276	0.6533739329652224	8.264643614941518	0.027058180443828586	1.6234908266297152	M	H	M	M
0.7105745170021796	0.6685370645985632	3.9031600445182693	0.021137119017151106	1.2682271410290664	M	H	E	M
0.7326587496078582	0.6528181214660917	7.170947405029659	0.027921215124043056	1.6752729074425834	M	H	M	M
