absolute_gain	relative_gain
0.2285571440131573	0.31691052551943233
0.22509209869510577	0.3394060136634269
0.21567799818372801	0.32724982472835784
0.2146088881241331	0.3041649447378978
0.20119238229172098	0.3036015251782343
