global	targets	interference	deformation	deformation_sum	diff_global	diff_targets	diff_interference	diff_deformation
0.5796411942581392	0.49264687292045706	4.621621571765968	0.019999505958167508	1.1999703574900504	E	M	M	M
0.5896816435074788	0.438102098324394	5.523107609231834	0.009613986264075452	0.5768391758445272	E	E	M	E
0.5229683435723879	0.44338422855010473	3.3866935336818242	0.019793102651806768	1.187586159108406	E	E	E	M
0.5976441213511828	0.4909585739943693	5.639325602759505	0.030649259259385234	1.838955555563114	E	M	M	H
0.5582604276855799	0.4614932948425018	3.9364495451887818	0.022426626108252065	1.3455975664951239	E	E	E	M
