global	targets	interference	deformation	deformation_sum	diff_global	diff_targets	diff_interference	diff_deformation
0.7362365424629292	0.71581955113685	6.609833721314953	0.01240121904251091	0.7440731425506546	M	H	M	M
0.7526520902096544	0.6757510335615443	7.42643177013697	0.025526617727662338	1.5315970636597402	H	H	M	M
0.6769300125086635	0.5730509225832361	2.47586643112605	0.017258692031403275	1.0355215218841964	M	M	E	M
0.7399592618774815	0.7275754948642713	6.641686630677703	0.030198348543583095	1.8119009126149856	M	H	M	H
