global	targets	interference	deformation	deformation_sum	diff_global	diff_targets	diff_interference	diff_deformation
0.741444823919663	0.6781056638703454	4.211452788932104	0.028880435466313907	1.7328261279788344	H	H	M	M
0.7097014083413759	0.6053876533666815	4.784058486131686	0.019967155748648824	1.1980293449189294	M	M	M	M
0.6712693474786521	0.6174770779808725	10.349020231970401	0.01975186783085915	1.1851120698515492	M	H	H	M
0.773121412043252	0.7059288899191601	5.768384910630431	0.032052861223710746	1.9231716734226447	H	H	M	H
0.6826979402363658	0.6626409833384878	4.653765081836712	0.022531840095826924	1.3519104057496154	M	H	M	M
