absolute_gain	relative_gain
0.2124690036016944	0.2924635533720412
0.20803779714188053	0.2765662188096789
0.20011162826968293	0.28631187010180836
0.19052060041720215	0.3031547125310816
0.1833217690762619	0.2774896424012207
