global	targets	interference	deformation	deformation_sum	diff_global	diff_targets	diff_interference	diff_deformation
0.6552482372363403	0.5140112745456952	4.933151183515144	0.015378020400201357	0.9226812240120814	M	M	M	M
0.6821755782470428	0.5441791512521071	5.893684516598276	0.019749546357795505	1.1849727814677302	M	M	M	M
0.6887158021161798	0.4988172292678202	3.0838372005986048	0.01740754917219673	1.0444529503318039	M	M	E	M
0.579870892095522	0.4379393658703699	4.200448090643949	0.019356900932707186	1.161414055962431	E	E	M	M
0.695094827707239	0.47732187689881206	5.966421457319776	0.02765698222925435	1.6594189337552612	M	M	M	M
