absolute_gain	relative_gain
0.2047200172253376	0.29499152970546977
0.18061494149385537	0.24301209143275346
0.16997088614804295	0.26797306608210997
0.16716787107846381	0.27519393761232597
0.16436606022846212	0.2535666895018446
