global	targets	interference	deformation	deformation_sum	diff_global	diff_targets	diff_interference	diff_deformation
0.49751462478031055	0.4892660691878469	6.63407476524145	0.008969554308607833	0.53817325851647	E	M	M	E
0.5938157313143609	0.562619440091784	5.563202757027583	0.019638475677416816	1.178308540645009	E	M	M	M
0.49990053546872815	0.46431258357932864	7.14423384236768	0.026633901318021222	1.5980340790812733	E	E	M	M
0.5038760779316382	0.4402869025581497	3.544491602957916	0.02952275616294322	1.7713653697765932	E	E	E	H
0.5281374289943576	0.4838502356555697	6.467087059133691	0.008742247879332924	0.5245348727599755	E	M	M	E
