global	targets	interference	deformation	deformation_sum	diff_global	diff_targets	diff_interference	diff_deformation
0.7107740064100796	0.6899777907282874	4.317882855978481	0.015586470410936998	0.9351882246562199	M	H	M	M
0.780707688808762	0.692121295419163	7.0384560415208846	0.030021723597949485	1.8013034158769692	H	H	M	H
0.7103588633149085	0.7126404099868278	5.628109966482759	0.029961316506395316	1.797678990383719	M	H	M	H
0.7280210610102267	0.6422191869669063	7.8322634619198	0.03228031070155655	1.936818642093393	M	H	M	H
0.7192934454820392	0.6584679197925932	4.165862720212286	0.024700380993443096	1.4820228596065859	M	H	M	M
