global	targets	interference	deformation	deformation_sum	diff_global	diff_targets	diff_interference	diff_deformation
0.625053653020564	0.4873951525093651	4.821372231405984	0.027064491474180295	1.6238694884508178	E	M	M	M
0.5831824229224101	0.43992346114647407	6.404174203220551	0.017746456511038598	1.0647873906623158	E	E	M	M
0.6341927409171318	0.45949001295681563	5.000592686297781	0.025808089628578446	1.5484853777147067	M	E	M	M
0.6262077895337244	0.520988444712313	5.4676713523670255	0.028750610785326126	1.7250366471195675	E	M	M	M
0.7147571124541333	0.555825171505959	4.198638831509768	0.009793370133584674	0.5876022080150805	M	M	M	E
