global	targets	interference	deformation	deformation_sum	diff_global	diff_targets	diff_interference	diff_deformation
0.6376209113002743	0.6223193478459909	5.364712651524926	0.025093784020568485	1.505627041234109	M	H	M	M
0.7441016768080101	0.6769282334797706	3.9330243506919857	0.03343961974236432	2.006377184541859	H	H	E	H
0.7374693112488303	0.7080393494202777	5.289977490484533	0.030360720291275022	1.8216432174765014	M	H	M	H
0.7372129760291877	0.6636632414647257	7.67417402792445	0.022913503098466383	1.3748101859079829	M	H	M	M
0.6720295327609498	0.6176294022828046	5.654421642063531	0.032897319781166855	1.9738391868700111	M	H	M	H
