global	targets	interference	deformation	deformation_sum	diff_global	diff_targets	diff_interference	diff_deformation
0.6928255467994716	0.7204421271596416	3.6383325657751873	0.0299082934212117	1.794497605272702	M	H	E	H
0.7406402744842802	0.6441617386163869	4.744851242437572	0.015179218365272062	0.9107531019163237	H	H	M	M
0.739683256789691	0.6342562658156617	7.755463169804319	0.01729679806503007	1.0378078839018041	M	H	M	M
0.742694334551137	0.7389554779264768	4.1874871994735425	0.031957355461089666	1.9174413276653801	H	H	M	H
0.6880610379911223	0.6719880341142483	6.119278795083905	0.02211402221298792	1.3268413327792752	M	H	M	M
