absolute_gain	relative_gain
0.2328671813308253	0.3447144121039201
0.22972496746272325	0.3264490842510556
0.1960977012907703	0.2740592595026873
0.18167483186072364	0.266948750893012
0.17880308050829957	0.2803528287817559
