global	targets	interference	deformation	deformation_sum	diff_global	diff_targets	diff_interference	diff_deformation
0.5523649119954577	0.44266935893028647	4.388825185547351	0.020473542638538154	1.2284125583122891	E	E	M	M
0.5783817209857075	0.4739834469436511	4.946442193011143	0.011372679854868846	0.6823607912921308	E	M	M	M
0.5672899645954481	0.5194325882043288	5.304610279827188	0.025410594669908186	1.5246356801944911	E	M	M	M
0.5585975037027909	0.498885879710223	3.671056888349834	0.027903588690702877	1.6742153214421727	E	M	E	M
0.5567326442967697	0.45897568307782083	8.109634863886226	0.017557210014832257	1.0534326008899355	E	E	M	M
