global	targets	interference	deformation	deformation_sum	diff_global	diff_targets	diff_interference	diff_deformation
0.7603228492874716	0.5993747853087178	4.606205995774493	0.02537629968328784	1.5225779809972704	H	M	M	M
0.7007686684003612	0.6899747074686459	6.82738246137109	0.028936184911797416	1.736171094707845	M	H	M	M
0.7417638227975634	0.6806960636172665	6.098288491389249	0.01955019114614514	1.1730114687687083	H	H	M	M
0.6898704373990853	0.6009903073581906	3.751075816985021	0.027476580850644295	1.6485948510386577	M	M	E	M
0.773921574148547	0.7478639081778281	6.076452786339584	0.016962291889287703	1.0177375133572621	H	H	M	M
