absolute_gain	relative_gain
0.24473591326366428	0.3480447187056196
0.20389641027283378	0.30004356495242496
0.201845771606751	0.296569794920018
0.19364388862347975	0.2915634377562778
0.18593561448541412	0.27682675120669914
