global	targets	interference	deformation	deformation_sum	diff_global	diff_targets	diff_interference	diff_deformation
0.5752750614044776	0.45843784605622606	7.216525983632096	0.024298378474619596	1.4579027084771758	E	E	M	M
0.5909293003470792	0.47565960788460837	6.253881146905619	0.017263224228544555	1.0357934537126734	E	M	M	M
0.5579480065919842	0.4787554732408129	5.305079258062135	0.02568197871764732	1.5409187230588393	E	M	M	M
0.571908014196019	0.47051307877155263	4.762510629452431	0.018274671462055855	1.0964802877233513	E	M	M	M
0.5745396000671439	0.4857321837852124	5.205383660203532	0.03156439958997861	1.8938639753987163	E	M	M	H
