absolute_gain	relative_gain
0.22386470968984434	0.32581325869761424
0.21033330704166142	0.31132571878001863
0.20208497976500706	0.2760698966111514
0.17989007634681986	0.2839829004320746
0.17672679565680494	0.2598077437446597
