global	targets	interference	deformation	deformation_sum	diff_global	diff_targets	diff_interference	diff_deformation
0.5521580794416927	0.4632304397976483	4.27662494676639	0.015388845285309882	0.9233307171185929	E	E	M	M
0.5586206895250923	0.46527199747955617	2.362509369403703	0.015995352090088275	0.9597211254052964	E	E	E	M
0.5297382049226514	0.5299215962712306	8.33676875670505	0.018736012605629345	1.1241607563377607	E	M	M	M
0.526405357928897	0.45356382553642927	3.5424496330391273	0.012155620461601655	0.7293372276960993	E	E	E	M
0.5877458748237447	0.5034946369672083	5.457143922849171	0.005191488092991774	0.31148928557950645	E	M	M	E
