global	targets	interference	deformation	deformation_sum	diff_global	diff_targets	diff_interference	diff_deformation
0.7587705189686083	0.7031737593198903	8.72932609500023	0.024842912890376937	1.4905747734226162	H	H	M	M
0.7599391634566334	0.6795560181574422	7.45932381643331	0.018379768916389337	1.1027861349833603	H	H	M	M
0.7219551720013604	0.6806012448475639	5.479941535753707	0.027012121154515286	1.6207272692709171	M	H	M	M
0.7081781853345706	0.6641569673950324	6.1974560727920975	0.020495851195689523	1.2297510717413713	M	H	M	M
0.7529065273621286	0.6716677982706265	7.074134742637138	0.035668502132538873	2.1401101279523322	H	H	M	H
