absolute_gain	relative_gain
0.19219438832789293	0.28333161760473236
0.18946498206191842	0.24759389639890925
0.18343720493471238	0.2630699429191362
0.1673964065662461	0.24367816360423886
0.16713820185550976	0.2742366864944665
