global	targets	interference	deformation	deformation_sum	diff_global	diff_targets	diff_interference	diff_deformation
0.6137375876477462	0.48614285462681917	3.0472576538736003	0.01191997856254597	0.7151987137527581	E	M	E	M
0.5696886316529769	0.5757597864705949	3.0699002050099713	0.008965659707886632	0.537939582473198	E	M	E	E
0.5332832165527853	0.5138572214038308	7.159184590785534	0.024417203393138597	1.4650322035883159	E	M	M	M
0.5694165133029256	0.5195605373399669	5.630315933649523	0.022650598483944937	1.3590359090366961	E	M	M	M
0.5349642575916415	0.44232876622967476	11.459716554469738	0.014386336174030293	0.8631801704418176	E	E	H	M
