absolute_gain	relative_gain
0.18983165807755964	0.27220621131796724
0.18892116344085597	0.26548010891581236
0.17820662334391046	0.24337113635768462
0.17569238508427187	0.27297800361407476
0.17527110851631544	0.26164467213053766
