global	targets	interference	deformation	deformation_sum	diff_global	diff_targets	diff_interference	diff_deformation
0.7077035119065423	0.6516388155765894	6.2072564162868495	0.02794095123383956	1.6764570740303737	M	H	M	M
0.7264623223389286	0.6382140637290824	5.42281810547479	0.02453383943632769	1.4720303661796614	M	H	M	M
0.7306348879166558	0.650112234958442	6.365365992859252	0.021938823249421053	1.3163293949652632	M	H	M	M
0.7046742895300387	0.6435462833498005	8.312491790175796	0.024201372740888814	1.452082364453329	M	H	M	M
0.7663671345993982	0.6497356759613185	5.929073339807962	0.020643342995911404	1.2386005797546842	H	H	M	M
