global	targets	interference	deformation	deformation_sum	diff_global	diff_targets	diff_interference	diff_deformation
0.7105621611489978	0.6597353767036616	6.7393140430643035	0.030028265037377423	1.8016959022426453	M	H	M	H
0.7157468185316608	0.7101134198171898	5.306666669606816	0.015905534071104503	0.9543320442662703	M	H	M	M
0.7391311827842101	0.7004502499093327	7.909710971346143	0.029276999889002082	1.756619993340125	M	H	M	H
0.7304883396185867	0.6735036054223171	4.688423486792292	0.017216822873202135	1.033009372392128	M	H	M	M
0.7126000634531626	0.705975672295066	4.977271101725259	0.023120431719693822	1.3872259031816294	M	H	M	M
