global	targets	interference	deformation	deformation_sum	diff_global	diff_targets	diff_interference	diff_deformation
0.7441270442437362	0.7038120326787781	4.005231347926867	0.032461893040997	1.9477135824598202	H	H	M	H
0.6884359309927721	0.6823099498954556	4.3426558607924495	0.019398059482186803	1.1638835689312081	M	H	M	M
0.7353097569749275	0.6751053771303611	4.021042899212335	0.030550742498503595	1.8330445499102157	M	H	M	H
0.7146818149991615	0.5828184861748322	2.159639301606671	0.015684797297242672	0.9410878378345604	M	M	E	M
0.7064575664364052	0.6871070050381783	9.874573468703923	0.02403467448362671	1.4420804690176026	M	H	H	M
