global	targets	interference	deformation	deformation_sum	diff_global	diff_targets	diff_interference	diff_deformation
0.7049870943150902	0.6274691284628057	7.399855829999458	0.016433143956485614	0.9859886373891369	M	H	M	M
0.7100559986017015	0.6255760626809032	1.9074651415126087	0.01202066229127476	0.7212397374764855	M	H	E	M
0.7670287762033304	0.6371155070422136	5.829555300455709	0.021595201045690033	1.295712062741402	H	H	M	M
0.7128865546340656	0.5558086751432144	6.881560654705564	0.012014938953116375	0.7208963371869825	M	M	M	M
0.7572900239694461	0.624924902795539	7.971357335649611	0.02143479917903009	1.2860879507418055	H	H	M	M
