absolute_gain	relative_gain
0.14069596835325104	0.20014354745071908
0.11333776763848169	0.16778224439352854
0.10672098032237987	0.1631061304681331
0.1023864680644303	0.1553883167941616
0.10142126336864643	0.15421197224839459
