global	targets	interference	deformation	deformation_sum	diff_global	diff_targets	diff_interference	diff_deformation
0.6426863583269513	0.5622793218588619	3.033706586600701	0.0224033869971164	1.344203219826984	M	M	E	M
0.6387585680401892	0.5621673672949332	5.002826416992907	0.016559396494438515	0.9935637896663109	M	M	M	M
0.583555440117414	0.5475829383352362	5.844033568861732	0.012551968987961539	0.7531181392776923	E	M	M	M
0.655700888324256	0.5565206504164185	5.678901124434014	0.011746826044170867	0.704809562650252	M	M	M	M
0.6888273612855481	0.5562531174847654	3.9967324631640953	0.005124947491611524	0.3074968494966915	M	M	E	E
