global	targets	interference	deformation	deformation_sum	diff_global	diff_targets	diff_interference	diff_deformation
0.6837616646598764	0.6978009192159905	10.370754914280973	0.021538441207630175	1.2923064724578106	M	H	H	M
0.6823854601308252	0.6198504726826287	6.211363559329367	0.021623197139231127	1.2973918283538677	M	H	M	M
0.718015724747612	0.6040932098830873	7.2864032301695785	0.03103156953366494	1.8618941720198965	M	M	M	H
0.7308159612786206	0.6554572935929613	8.548548745107068	0.019955969517888236	1.1973581710732941	M	H	M	M
0.75785735165143	0.6517947024689772	8.114723702671695	0.022639590556564712	1.3583754333938827	H	H	M	M
