absolute_gain	relative_gain
0.11268074233098535	0.18207184891984557
0.10221608116764369	0.15217157189302122
0.1014690247658433	0.1683023057001944
0.0992631605713844	0.15960965500881522
0.09834848305234023	0.15322058311265924
