global	targets	interference	deformation	deformation_sum	diff_global	diff_targets	diff_interference	diff_deformation
0.5990913629470002	0.5061998973696165	4.638628829075192	0.02260299425248457	1.3561796551490741	E	M	M	M
0.5875506900381058	0.5694999292281946	4.314942788654317	0.012376842768848787	0.7426105661309272	E	M	M	M
0.6683440693896122	0.5014283885743834	6.048291029953678	0.023433178831112792	1.4059907298667675	M	M	M	M
0.6389310831161911	0.5226488444755666	5.685119265524157	0.026860695746938213	1.6116417448162927	M	M	M	M
0.6802757717892164	0.5435266557469102	3.5945136208153294	0.022681091545518808	1.3608654927311286	M	M	E	M
