global	targets	interference	deformation	deformation_sum	diff_global	diff_targets	diff_interference	diff_deformation
0.7069326832457912	0.6897657687910106	4.6582325276010845	0.029984620356782586	1.7990772214069553	M	H	M	H
0.7137814231624104	0.6585550685857405	7.230230617560705	0.02418699632358518	1.4512197794151107	M	H	M	M
0.7644915539828133	0.5978035966705184	8.305777396441702	0.016786144324750802	1.0071686594850482	H	M	M	M
0.7177801824970804	0.632286713866235	5.0705588652743545	0.017634934672423552	1.0580960803454131	M	H	M	M
0.7409184774756263	0.6620642728427684	9.888580530088129	0.02353996772246012	1.4123980633476072	H	H	H	M
