absolute_gain	relative_gain
0.1919629203931344	0.29713376168783096
0.1897406589188202	0.25351794883473194
0.17591367598354113	0.24794205306900738
0.17393338658030977	0.2302911596272131
0.16954852455884828	0.2834237775078788
