global	targets	interference	deformation	deformation_sum	diff_global	diff_targets	diff_interference	diff_deformation
0.5210336863572778	0.45408591398607984	9.090709911417747	0.01899887629884474	1.1399325779306844	E	E	M	M
0.583761293400935	0.5586902107333791	3.3912439368485323	0.016254524126901735	0.9752714476141041	E	M	E	M
0.6108322658430417	0.5335814411460276	5.276984111501959	0.009032218019783	0.54193308118698	E	M	M	E
0.602990244839473	0.5813426164667319	4.488983636600609	0.016595383009872892	0.9957229805923735	E	M	M	M
0.5351226539521671	0.42866707347485966	5.23929282347583	0.02291493226462167	1.3748959358773003	E	E	M	M
