absolute_gain	relative_gain
0.2168256046100976	0.31072702634687055
0.16015406863170495	0.25837532709877575
0.15482635607651546	0.25629547484316145
0.1370288240001415	0.20905835565426834
0.13585102694558104	0.20842609863348346
