global	targets	interference	deformation	deformation_sum	diff_global	diff_targets	diff_interference	diff_deformation
0.5564855246251527	0.48097531460589293	9.61436729673263	0.019369385885874092	1.1621631531524454	E	M	H	M
0.5731752844110835	0.45969640405092377	5.720989506681931	0.01967495306143084	1.1804971836858504	E	E	M	M
0.7047434550873454	0.4492668538065719	6.1940741889574475	0.026931536672063043	1.6158922003237826	M	E	M	M
0.6657410930202059	0.5184284695928199	7.446961565834181	0.01795642229760451	1.0773853378562706	M	M	M	M
0.6528876538480773	0.5159436755233962	7.87916419214525	0.0222543666168254	1.335261997009524	M	M	M	M
