absolute_gain	relative_gain
0.2576028494213744	0.3427161670746342
0.18883146902167924	0.2577012836320986
0.18406059852968026	0.2709839469945936
0.17171198593122694	0.24693760127262004
0.16708960536126827	0.2503890136172342
