global	targets	interference	deformation	deformation_sum	diff_global	diff_targets	diff_interference	diff_deformation
0.49171529144292897	0.49404785798536294	4.667627226597633	0.008229437727746125	0.4937662636647675	E	M	M	E
0.5964121840068877	0.5439218427206877	3.792990631490352	0.015489528164335836	0.9293716898601502	E	M	E	M
0.5523089295077394	0.4951700369786012	3.9177070100351497	0.022576558653123156	1.3545935191873895	E	M	E	M
0.5743152165696237	0.523653908312057	4.963805375064354	0.016973542832683763	1.0184125699610258	E	M	M	M
0.5884574858969704	0.5002304297609418	8.224094075160648	0.0277978892462355	1.66787335477413	E	M	M	M
