global	targets	interference	deformation	deformation_sum	diff_global	diff_targets	diff_interference	diff_deformation
0.7162949448356286	0.686084389412026	5.7039567709631065	0.03137622456511933	1.8825734739071596	M	H	M	H
0.7870503987440602	0.7298285807908322	6.925662465727429	0.023253196492286025	1.3951917895371615	H	H	M	M
0.7460786817019722	0.6580619477433163	5.624145651524726	0.03436418949736486	2.0618513698418917	H	H	M	H
0.7216932281042109	0.6950284888335397	5.99308701509418	0.028109162667197065	1.686549760031824	M	H	M	M
0.7228199274601117	0.6347139056834725	4.510462464017284	0.02518988925544712	1.511393355326827	M	H	M	M
