absolute_gain	relative_gain
0.18628827418380306	0.2844048116318417
0.18030128028536496	0.2769826145999512
0.1760131726121451	0.2502898105477875
0.16718149743315258	0.24600420032777068
0.16638705493315648	0.256463375966194
