global	targets	interference	deformation	deformation_sum	diff_global	diff_targets	diff_interference	diff_deformation
0.6222154435007652	0.4687227051133784	4.784939848274501	0.015443528533388514	0.9266117120033108	E	E	M	M
0.6344206776121212	0.47064672432415144	3.964282081860061	0.013143232069889278	0.7885939241933567	M	M	E	M
0.6812353865365451	0.5272242952932419	5.517791667081937	0.02927351611194461	1.7564109667166765	M	M	M	H
0.6702800464893354	0.5124064820013594	4.76156192692842	0.02367728013772869	1.4206368082637215	M	M	M	M
0.602233254722169	0.48238805498775855	3.7515994793935037	0.018446792066389755	1.1068075239833852	E	M	E	M
