absolute_gain	relative_gain
0.19223720450992243	0.27313713830416997
0.18796200638019855	0.27547891747584563
0.17014884164455202	0.2520330120429432
0.16983185454525312	0.29139750809878645
0.1610083689977263	0.23432793992368053
