absolute_gain	relative_gain
0.0	0.0
0.2353286239201159	0.3248674260997741
0.0	0.0
0.2599216016110619	0.34458709499869405
0.0	0.0
0.25122681236445327	0.34591138747834765
0.0	0.0
0.2003995926744912	0.30908916986504
