global	targets	interference	deformation	deformation_sum	diff_global	diff_targets	diff_interference	diff_deformation
0.5698393092830091	0.4890549400012517	8.70168162910893	0.022410130930557142	1.3446078558334285	E	M	M	M
0.6098915247098494	0.49437710946529745	7.096037121848925	0.013796295567293974	0.8277777340376384	E	M	M	M
0.5697927122536226	0.475048243787547	4.487588859410443	0.02945771814825946	1.7674630888955676	E	M	M	H
0.5502423625473017	0.44795567891911797	5.350248325858349	0.02943920806126534	1.7663524836759206	E	E	M	H
