absolute_gain	relative_gain
0.17712921102543983	0.2834704354868341
0.1673558010666737	0.2553370940405988
0.16011550457416412	0.218599920970166
0.1568589170197746	0.229705951013743
0.156191613951709	0.2278392272868718
