global	targets	interference	deformation	deformation_sum	diff_global	diff_targets	diff_interference	diff_deformation
0.5348577100851967	0.44773034697833186	4.495012922373167	0.033001726369205966	1.980103582152358	E	E	M	H
0.6781929774885619	0.4880750194942589	4.146401055511971	0.023834022310519114	1.4300413386311468	M	M	M	M
0.7137998128147507	0.5723436100657552	4.773956752392356	0.031337213490694106	1.8802328094416465	M	M	M	H
0.7408352256256194	0.5260094036637847	4.2204178355680035	0.021357232923873	1.28143397543238	H	M	M	M
0.6920668581779569	0.5293427245011182	4.42363648188719	0.009752973088666784	0.585178385320007	M	M	M	E
