absolute_gain	relative_gain
0.21988031927065155	0.32768179360213395
0.18792497981799483	0.29531447923934756
0.18751252487220355	0.28400144738636934
0.18720420664985116	0.31917752699678
0.18637036541604546	0.29427147783264757
