global	targets	interference	deformation	deformation_sum	diff_global	diff_targets	diff_interference	diff_deformation
0.5663478965933589	0.4511374899690853	4.79710507933008	0.026987323087776318	1.6192393852665792	E	E	M	M
0.5987282669237982	0.44843047522789437	3.919676538151035	0.02964880281797709	1.7789281690786254	E	E	E	H
0.5470780853549789	0.4727394794674166	2.339387613478162	0.018851938365076683	1.1311163019046009	E	M	E	M
0.5882197044414773	0.39931643097555336	4.134698885319572	0.023624372276844826	1.4174623366106895	E	E	M	M
0.5902978392693418	0.4469576308569554	4.297733072781517	0.027046337524125615	1.622780251447537	E	E	M	M
