global	targets	interference	deformation	deformation_sum	diff_global	diff_targets	diff_interference	diff_deformation
0.7758167336289539	0.7184949911828199	2.8735907111411474	0.012629375154439893	0.7577625092663935	H	H	E	M
0.7910901865376875	0.610674865925427	4.558301749558011	0.013919343835001796	0.8351606301001078	H	H	M	M
0.6550263534969016	0.6033320644918162	5.180200010301517	0.027540835152764176	1.6524501091658506	M	M	M	M
0.6853384577444738	0.6103004424652472	4.919019930773513	0.02962934364094595	1.7777606184567571	M	H	M	H
0.7412444306145504	0.6785406227999249	7.092570084246941	0.034864348782651856	2.0918609269591113	H	H	M	H
