global	targets	interference	deformation	deformation_sum	diff_global	diff_targets	diff_interference	diff_deformation
0.7519448986380083	0.7405716481609844	7.285009418874993	0.022698642112609708	1.3619185267565825	H	H	M	M
0.7791285438199421	0.702211768723687	5.171788377688703	0.027563759060067382	1.653825543604043	H	H	M	M
0.7043985444580424	0.6489703903995789	6.787858663861944	0.027833283579639302	1.669997014778358	M	H	M	M
0.7123726879260012	0.6483565778488802	4.784847404481798	0.029743765156297834	1.78462590937787	M	H	M	H
0.724214612218676	0.6673853929080198	4.496923958871539	0.03128478567465542	1.8770871404793252	M	H	M	H
