absolute_gain	relative_gain
0.20626752016931338	0.3148860107086919
0.18243893010290418	0.2801008576667993
0.17940639413625137	0.2446352610793318
0.17567103001265388	0.2863883811581538
0.16831146573961936	0.2729282210905202
