global	targets	interference	deformation	deformation_sum	diff_global	diff_targets	diff_interference	diff_deformation
0.5556470375476753	0.4487870492765681	5.779149674524044	0.021336927460622757	1.2802156476373654	E	E	M	M
0.56932345631068	0.4688940633859226	3.7955360211288127	0.01403891878838139	0.8423351273028834	E	E	E	M
0.618389696404278	0.5539563817150694	2.634547910449503	0.03085450178243909	1.8512701069463453	E	M	E	H
0.494671519851157	0.4377303562525317	5.9334634790534775	0.02240278733650792	1.3441672401904752	E	E	M	M
0.5581445424557152	0.4483761932613774	2.689495487051065	0.020173301552719392	1.2103980931631635	E	E	E	M
