global	targets	interference	deformation	deformation_sum	diff_global	diff_targets	diff_interference	diff_deformation
0.7553322028419175	0.7292232761626812	3.7001643655871628	0.019583470268951447	1.1750082161370867	H	H	E	M
0.7335367549178228	0.7343007718547951	2.7037672729610858	0.016071011541537426	0.9642606924922454	M	H	E	M
0.7492020835647747	0.6653299391057389	3.564129385008739	0.034117246827942406	2.0470348096765445	H	H	E	H
0.730315612006529	0.6375312886469969	5.721928548358502	0.025811951226666716	1.5487170736000029	M	H	M	M
0.7853952826765337	0.7106884727132854	4.950508167635577	0.03364856998897609	2.0189141993385653	H	H	M	H
