absolute_gain	relative_gain
0.24565349839726353	0.3619463404353003
0.208393469696124	0.33030547637858493
0.2026463042728806	0.30895646046437636
0.19367124972233324	0.2876869183788732
0.1911458788916952	0.3071871944878767
