global	targets	interference	deformation	deformation_sum	diff_global	diff_targets	diff_interference	diff_deformation
0.5752033770872609	0.4330479303886295	4.3929760325810925	0.029537458896701674	1.7722475338021004	E	E	M	H
0.5750460643243217	0.42251786723027457	5.683663839443079	0.023987792808665902	1.439267568519954	E	E	M	M
0.5654115591285075	0.45325939832448053	9.231783323606209	0.019831707319677483	1.189902439180649	E	E	M	M
0.614482956528838	0.4795301972314529	7.295668443801121	0.013109333109525674	0.7865599865715405	E	M	M	M
0.5403303918798262	0.43109971702372596	7.675637312135927	0.024094271061522468	1.4456562636913481	E	E	M	M
