absolute_gain	relative_gain
0.12949496364812585	0.19231323763231448
0.11593548646199725	0.17934036547939622
0.10477282651242303	0.1766908092362707
0.1017528632824179	0.17998992835051722
0.09932279372820241	0.14824665732965617
