global	targets	interference	deformation	deformation_sum	diff_global	diff_targets	diff_interference	diff_deformation
0.6019515242270761	0.5438594306848764	3.9853154801973796	0.023951435500272688	1.4370861300163613	E	M	E	M
0.6305022490723357	0.5305195720636678	7.428949330518131	0.01590584307738811	0.9543505846432865	M	M	M	M
0.5715181258144161	0.48819987515380203	8.05706845165776	0.027502754345808126	1.6501652607484876	E	M	M	M
0.6006816037115612	0.4635724536112121	5.447524578278322	0.011778764525358615	0.7067258715215169	E	E	M	M
0.6303669676280116	0.5706605672277095	5.501370096847068	0.02681230630354016	1.6087383782124096	M	M	M	M
