absolute_gain	relative_gain
0.1185507988370681	0.16840444405543936
0.10689209821387025	0.16238310798090014
0.10382730387856676	0.16521653371903153
0.10163319261639736	0.16521424218752476
0.1006775495854374	0.15788498409661744
