absolute_gain	relative_gain
0.11568886814761048	0.1834723674455052
0.11185223907358643	0.17177647712733554
0.10527813059283675	0.17022882488953575
0.10523110603473296	0.1598296344072666
0.09839580148885663	0.15156273630432723
