global	targets	interference	deformation	deformation_sum	diff_global	diff_targets	diff_interference	diff_deformation
0.6000657835352871	0.5148631313624644	9.154548084163945	0.016800758782317356	1.0080455269390414	E	M	M	M
0.6238545378336966	0.5392976793792871	6.702506614311408	0.010237563478039509	0.6142538086823706	E	M	M	E
0.6409452378247145	0.5131725381535018	6.268046976514293	0.024597631950986177	1.4758579170591706	M	M	M	M
0.6401436983610079	0.5531643562647707	5.594244344393027	0.027131301341185392	1.6278780804711235	M	M	M	M
0.6552857069066232	0.5508125982017166	7.244769789881025	0.020521801053307642	1.2313080631984585	M	M	M	M
