global	targets	interference	deformation	deformation_sum	diff_global	diff_targets	diff_interference	diff_deformation
0.6958784872416403	0.6732641584088535	7.392210897042672	0.018117496743857826	1.0870498046314696	M	H	M	M
0.706559387454143	0.6146501732463084	4.8602117178844395	0.013561386994388936	0.8136832196633361	M	H	M	M
0.6861226589809598	0.6662650385001406	4.68249220170921	0.026872663919639436	1.6123598351783661	M	H	M	M
0.6649087893192152	0.6110827428681475	6.183827499903226	0.01908393743394344	1.1450362460366064	M	H	M	M
0.701245708703073	0.6330835084304289	2.0945904416514214	0.0164941705647182	0.989650233883092	M	H	E	M
