global	targets	interference	deformation	deformation_sum	diff_global	diff_targets	diff_interference	diff_deformation
0.6522197199249558	0.5655548533062206	3.046175379511036	0.030748844609262627	1.8449306765557576	M	M	E	H
0.7421134230054588	0.6254252539275217	4.770495096511965	0.02317163388880476	1.3902980333282855	H	H	M	M
0.739613700893481	0.5985133972905743	5.299126559534978	0.026963700699186813	1.6178220419512088	M	M	M	M
0.7893497419124542	0.7260056896541911	5.343491629621468	0.023443803367939147	1.4066282020763488	H	H	M	M
0.7229246396827202	0.6018732014019856	6.117878531045874	0.021540308664433162	1.2924185198659897	M	M	M	M
