global	targets	interference	deformation	deformation_sum	diff_global	diff_targets	diff_interference	diff_deformation
0.7315281208189968	0.7243835639213676	9.046006487089304	0.02401403721627236	1.4408422329763415	M	H	M	M
0.7725639062741745	0.7542987110763594	7.429983496311395	0.011132311316960837	0.6679386790176502	H	H	M	M
0.6977758825037362	0.7262750561520003	5.063407977931656	0.030794484449185002	1.8476690669511002	M	H	M	H
0.7289379877032901	0.6483552715936092	4.85556587452279	0.03269581367759593	1.9617488206557556	M	H	M	H
