global	targets	interference	deformation	deformation_sum	diff_global	diff_targets	diff_interference	diff_deformation
0.7238280557418525	0.710312172089397	4.010664547568936	0.03044333555223192	1.826600133133915	M	H	M	H
0.7136409896437189	0.6323189528883517	6.832593824191539	0.011661527950209758	0.6996916770125855	M	H	M	M
0.742580850293834	0.6702875385321758	3.587772968251701	0.011950075863149091	0.7170045517889455	H	H	E	M
0.7304443107321498	0.6612349150584967	6.600387645981919	0.03592807467267873	2.1556844803607236	M	H	M	H
0.6574726243377695	0.587177012669654	4.874381799619832	0.012631289193392061	0.7578773516035237	M	M	M	M
