global	targets	interference	deformation	deformation_sum	diff_global	diff_targets	diff_interference	diff_deformation
0.6985027576995841	0.6784818626737062	7.930887899918443	0.03246553821876504	1.9479322931259024	M	H	M	H
0.7485079943074614	0.6956584142761333	3.5929352164149333	0.024929796345220554	1.4957877807132332	H	H	E	M
0.7881953031398793	0.6855505179739839	6.9365000301257815	0.024919039300434414	1.4951423580260648	H	H	M	M
0.7582563570465009	0.6757510518618222	8.786122972569824	0.023751757913700416	1.4251054748220249	H	H	M	M
0.7168969972597314	0.7649465059287419	4.907186482273011	0.018899385988853948	1.133963159331237	M	H	M	M
