global	targets	interference	deformation	deformation_sum	diff_global	diff_targets	diff_interference	diff_deformation
0.6045866790448522	0.5128048575022807	2.5471260145876164	0.0180202689010648	1.0812161340638882	E	M	E	M
0.6331616131486957	0.5762122064697875	5.256999515490078	0.03151146646349698	1.8906879878098186	M	M	M	H
0.6454816743108573	0.550786388684969	5.143639315411014	0.011814785509454027	0.7088871305672416	M	M	M	M
0.5989773641936046	0.5237614715116058	6.027486701972341	0.01962149595635	1.177289757381	E	M	M	M
0.6719798201157414	0.5661642876791393	4.856425125179159	0.015517576541860872	0.9310545925116523	M	M	M	M
