absolute_gain	relative_gain
0.22692832224249793	0.3235733807227662
0.22160212517205746	0.29927345527865973
0.21258157283816054	0.32818781406375946
0.21103733021084836	0.2812129956223216
0.1994500787605737	0.2906547463039037
