global	targets	interference	deformation	deformation_sum	diff_global	diff_targets	diff_interference	diff_deformation
0.6035861425555991	0.4743911797993817	4.107596646706627	0.02855471317382009	1.7132827904292054	E	M	M	M
0.6084146523187143	0.5188649000965857	6.420508036636923	0.0302972820561304	1.817836923367824	E	M	M	H
0.5460700583669525	0.4351620779875241	7.803524670329085	0.025297510676530292	1.5178506405918175	E	E	M	M
0.6267270940383923	0.5394163596829092	6.423963235918312	0.020976704834635693	1.2586022900781415	E	M	M	M
0.6016814905914742	0.4867595266109899	3.0985295045784156	0.029424382253996757	1.7654629352398055	E	M	E	H
