absolute_gain	relative_gain
0.19939714646327966	0.2776354838848938
0.19092052026019168	0.2776476777528323
0.18676854046911895	0.26675755738360896
0.1676502482688677	0.2568060530001656
0.16760350078532227	0.2482615260432481
