global	targets	interference	deformation	deformation_sum	diff_global	diff_targets	diff_interference	diff_deformation
0.5520171752591051	0.5188004832962819	7.544452733534397	0.012923953021734103	0.7754371813040462	E	M	M	M
0.5687895404465578	0.496715413904376	3.6781826972671885	0.017791652689093076	1.0674991613455846	E	M	E	M
0.5745077711639652	0.5133748492851127	3.9126500419101413	0.010212439554066949	0.6127463732440169	E	M	E	E
0.5927750665708746	0.4851780099060266	8.256973293454248	0.03470598867433581	2.0823593204601485	E	M	M	H
0.5689927320880563	0.5075051374985055	6.992396560223892	0.02950544324289927	1.7703265945739561	E	M	M	H
