absolute_gain	relative_gain
0.24093272627455553	0.29439051531526317
0.20509188165489284	0.3058037304319013
0.201456492627255	0.3042273158964529
0.19544451176922079	0.2987752583563625
0.17900193040700002	0.2698408767172066
