global	targets	interference	deformation	deformation_sum	diff_global	diff_targets	diff_interference	diff_deformation
0.5899649510441239	0.5774792596433345	4.848111659725188	0.004569277070390795	0.27415662422344766	E	M	M	E
0.539037927596794	0.4655731928529679	1.819265139724902	0.007334689742676323	0.4400813845605794	E	E	E	E
0.5274105515982566	0.460734185529413	5.533477555241289	0.01136008439593018	0.6816050637558109	E	E	M	M
0.5612455414994455	0.45870775252605583	4.270081550019892	0.01495789621985111	0.8974737731910666	E	E	M	M
0.5693826471614637	0.4843591310625495	8.372772912408355	0.022071450827676455	1.3242870496605872	E	M	M	M
