global	targets	interference	deformation	deformation_sum	diff_global	diff_targets	diff_interference	diff_deformation
0.7369877191088606	0.6598172574142961	7.914888314580042	0.020181358932029162	1.2108815359217497	M	H	M	M
0.7284903552600558	0.6393725675294719	10.712782658644366	0.02389577439659019	1.4337464637954114	M	H	H	M
0.7562058655735301	0.7143353825581681	2.936527763413029	0.03095720644225201	1.8574323865351205	H	H	E	H
0.7256512475998973	0.7281871402421403	9.517803292789333	0.027021177371201	1.62127064227206	M	H	H	M
0.7339021225814375	0.6754530157348685	4.154458015128386	0.028622405087741425	1.7173443052644854	M	H	M	M
