absolute_gain	relative_gain
0.10624006793800744	0.17184320953522444
0.09769850176494721	0.14424188851893502
0.09506384633487397	0.1581060726412853
0.09474045946088983	0.1560632875296113
0.09271510442191172	0.1646299817340896
