global	targets	interference	deformation	deformation_sum	diff_global	diff_targets	diff_interference	diff_deformation
0.6116412648765744	0.5119983147443781	4.460661970317893	0.032191071862144115	1.931464311728647	E	M	M	H
0.6378608316461611	0.5796255596995008	3.4822554978308884	0.017955961367073493	1.0773576820244095	M	M	E	M
0.5960605864509588	0.5062024095828036	7.55989355875282	0.018802896650352324	1.1281737990211393	E	M	M	M
0.6066927244361586	0.5123238985990662	4.7024062368116075	0.028575827702815786	1.714549662168947	E	M	M	M
0.5705353928651319	0.47045755371313674	5.131127402049073	0.015262666064764063	0.9157599638858438	E	M	M	M
