global	targets	interference	deformation	deformation_sum	diff_global	diff_targets	diff_interference	diff_deformation
0.7441832646626376	0.6878665897200745	5.341477000053934	0.019446033347669166	1.16676200086015	H	H	M	M
0.7742326909469277	0.6910968822999252	5.295488673962291	0.03317374819410584	1.9904248916463505	H	H	M	H
0.7317571522648945	0.6258149679069083	9.578866293470686	0.02493678418304844	1.4962070509829064	M	H	H	M
0.6566512415106333	0.5766045073397029	5.588100142477463	0.022091961060732256	1.3255176636439354	M	M	M	M
