absolute_gain	relative_gain
0.1868365900002204	0.29311296150231003
0.18577544123241913	0.28413712581004974
0.17556322415572306	0.26352163233051046
0.17075005410013694	0.25940864563561733
0.16518735923397498	0.2801189655156759
