global	targets	interference	deformation	deformation_sum	diff_global	diff_targets	diff_interference	diff_deformation
0.5624974484967624	0.45058520480071657	5.526253834587696	0.02624523069484156	1.5747138416904936	E	E	M	M
0.5313850636408494	0.46804774608528815	4.706803070784134	0.012491956210982811	0.7495173726589687	E	E	M	M
0.5363183888899303	0.49065617727668226	3.7660188577614524	0.013677607405550267	0.820656444333016	E	M	E	M
0.5792559533219924	0.4874780233864702	3.2430750459200306	0.018910096332782806	1.1346057799669684	E	M	E	M
0.5076360772841365	0.42451694347140845	6.882501465909033	0.01617669789044243	0.9706018734265458	E	E	M	M
