absolute_gain	relative_gain
0.11878468745635529	0.18549184954292006
0.1163951966873924	0.181287570428652
0.11460240300450653	0.16965072220332664
0.11309768473991	0.18153141034569956
0.10509764247468723	0.1723589837352178
