global	targets	interference	deformation	deformation_sum	diff_global	diff_targets	diff_interference	diff_deformation
0.6871868141410739	0.5215921687185047	6.745559287481387	0.030016949522283027	1.8010169713369817	M	M	M	H
0.574957181112481	0.5256521119735242	2.361530047149041	0.018394367204689125	1.1036620322813475	E	M	E	M
0.6561503432600116	0.5609172854242606	2.616946272992144	0.032171212560261925	1.9302727536157156	M	M	E	H
0.5720521747098427	0.5099222351986411	5.247940687675063	0.015390108395666645	0.9234065037399987	E	M	M	M
0.629055782854026	0.5046625231813187	5.68898121609353	0.024103130275892712	1.4461878165535627	E	M	M	M
