absolute_gain	relative_gain
0.19378577844675482	0.27440950964767563
0.18584587414026227	0.2898355901004104
0.185172826659118	0.28235666808850896
0.17373083102527143	0.27290847105524374
0.1581797413140364	0.24453478260670508
