absolute_gain	relative_gain
0.2191943475093578	0.3098018602067594
0.20688354000781317	0.3043364820005082
0.20358742436734323	0.3410831557993936
0.1992087140884961	0.3128060886117698
0.19632775039725608	0.2897622696442269
