global	targets	interference	deformation	deformation_sum	diff_global	diff_targets	diff_interference	diff_deformation
0.5862800848363534	0.488336418648951	5.311146438863062	0.026191037523952167	1.57146225143713	E	M	M	M
0.5935691608144718	0.472902000811666	6.00846515934659	0.032955908803822695	1.9773545282293619	E	M	M	H
0.5578158087197799	0.3932975900514931	4.071070611337929	0.02133217018781252	1.2799302112687512	E	E	M	M
0.5784409992172646	0.43763539266333323	4.059624049619039	0.02010817639445893	1.2064905836675357	E	E	M	M
0.6187664709466387	0.48121991872581266	7.004799058631568	0.02333416890538916	1.4000501343233496	E	M	M	M
