global	targets	interference	deformation	deformation_sum	diff_global	diff_targets	diff_interference	diff_deformation
0.7556742429567017	0.706191919862994	4.251756805237187	0.03468266076839766	2.0809596461038598	H	H	M	H
0.750157276602702	0.6412113642630223	8.147212296849853	0.023062438271614968	1.383746296296898	H	H	M	M
0.7144813001779186	0.6558117713765937	6.3847509147856245	0.02451645504941021	1.4709873029646128	M	H	M	M
0.7364572462962614	0.6365901005326574	7.484227136799142	0.020528632427144564	1.2317179456286738	M	H	M	M
0.6801312457311581	0.6468598848305482	5.241202462718301	0.024209928124285872	1.4525956874571524	M	H	M	M
