absolute_gain	relative_gain
0.2228546851761164	0.29377286145073755
0.2035986366473595	0.2907119248000903
0.18011803758793288	0.27936835584971526
0.1745758071608851	0.25972385269578585
0.1744408821559768	0.2789371457731318
