global	targets	interference	deformation	deformation_sum	diff_global	diff_targets	diff_interference	diff_deformation
0.5919119192072663	0.5357405236379104	4.8033012138559945	0.025972965560409875	1.5583779336245924	E	M	M	M
0.5306606784643558	0.49674634158965386	3.003552978425657	0.023003025364516438	1.3801815218709863	E	M	E	M
0.5426322082545487	0.46461510350134083	8.093299270186154	0.017964818208846836	1.0778890925308102	E	E	M	M
0.5555877928680533	0.4975835087775146	6.416397986240178	0.029625792414859572	1.7775475448915743	E	M	M	H
0.5545897443005678	0.4509361420208425	9.711441338653453	0.02411364733829716	1.4468188402978295	E	E	H	M
