global	targets	interference	deformation	deformation_sum	diff_global	diff_targets	diff_interference	diff_deformation
0.5693394879106115	0.4712680780209156	4.200479361563874	0.021767924915046474	1.3060754949027884	E	M	M	M
0.5574980997537835	0.4831009697263415	3.275870061405897	0.025278915451043212	1.5167349270625927	E	M	E	M
0.5403919650143749	0.4195362232709355	4.402880726427809	0.023755157573973944	1.4253094544384366	E	E	M	M
0.5882606104410062	0.4568250182968524	8.05740801828706	0.021576865802609813	1.2946119481565888	E	E	M	M
0.5278437865718072	0.44115392178756	7.439060506809432	0.03273187415808445	1.9639124494850668	E	E	M	H
