global	targets	interference	deformation	deformation_sum	diff_global	diff_targets	diff_interference	diff_deformation
0.6825203411581977	0.7002512961071387	4.430543565539723	0.022684333569912656	1.3610600141947593	M	H	M	M
0.7071023486988655	0.6934653647767719	4.130930265419546	0.02843503294459276	1.7061019766755656	M	H	M	M
0.6845004547217409	0.6234212471582843	3.273307253618806	0.022594161265273142	1.3556496759163885	M	H	E	M
0.7643554633825247	0.7337586988772369	5.511345172915677	0.03021236798154707	1.8127420788928241	H	H	M	H
0.7263925194384847	0.5711429741469487	4.330167695156756	0.02341258831189822	1.4047552987138932	M	M	M	M
