absolute_gain	relative_gain
0.1860055842511783	0.2528239306309543
0.17166097451921014	0.25116286248704395
0.16739226502635474	0.25353724215922924
0.15273588171654728	0.2304182338968109
0.14268629750119433	0.25228137276325946
