global	targets	interference	deformation	deformation_sum	diff_global	diff_targets	diff_interference	diff_deformation
0.6623460425472382	0.5497063548321895	4.735014538712912	0.03153806244763162	1.892283746857897	M	M	M	H
0.6561332963275841	0.5118038212686828	4.808843195006449	0.028013922277601175	1.6808353366560704	M	M	M	M
0.5722915489733376	0.49283525658258986	4.300124877291316	0.010212039702114368	0.612722382126862	E	M	M	E
0.6444891137347201	0.5101278124169109	6.301831237272395	0.026902424948281746	1.6141454968969047	M	M	M	M
0.5391627257543988	0.42289766114917726	7.673349542848021	0.02383688457880491	1.4302130747282946	E	E	M	M
