global	targets	interference	deformation	deformation_sum	diff_global	diff_targets	diff_interference	diff_deformation
0.7260966512744004	0.6293369327142664	4.481320757272122	0.021179756838024266	1.270785410281456	M	H	M	M
0.677976829715796	0.6844351659483464	4.29397605635188	0.015490699331723246	0.9294419599033947	M	H	M	M
0.6514577559475281	0.5867787538039544	3.6988334641634375	0.02377426828007346	1.4264560968044075	M	M	E	M
0.7693173635192688	0.7104320955395875	5.535180853432271	0.028888096776711447	1.7332858066026868	H	H	M	M
0.7223952547214659	0.6351693206153122	10.2140820800058	0.024549747170501898	1.4729848302301138	M	H	H	M
