absolute_gain	relative_gain
0.1937298909825526	0.2831418875028372
0.17919872571047596	0.2729636358374476
0.17687846791417206	0.2609301363970174
0.16776114746425919	0.25044054803627325
0.16745518213079996	0.2730473172086049
