global	targets	interference	deformation	deformation_sum	diff_global	diff_targets	diff_interference	diff_deformation
0.547388262817952	0.4904849833730171	7.303299920484764	0.026293583147896045	1.5776149888737627	E	M	M	M
0.5575341440683376	0.4772943091976262	3.6039009365587806	0.013092231400248884	0.7855338840149331	E	M	E	M
0.5888775775854449	0.5009982632160459	4.203756486503907	0.030172333069545844	1.8103399841727505	E	M	M	H
0.548662923309126	0.5021030130308738	6.3354953878170575	0.026910362203112787	1.6146217321867673	E	M	M	M
0.5851244914120725	0.445827467348104	6.207117794703192	0.01811287803591332	1.0867726821547992	E	E	M	M
