absolute_gain	relative_gain
0.13110081661767536	0.19458834092198593
0.11579252257853395	0.18886551621737374
0.10596133227320625	0.17223414144718416
0.09764287317083964	0.15329281768201067
0.09579018742188072	0.1463942355256438
