global	targets	interference	deformation	deformation_sum	diff_global	diff_targets	diff_interference	diff_deformation
0.6432916431068231	0.5426333649705016	4.125625196538147	0.02538532249284833	1.5231193495709	M	M	M	M
0.6210459458514048	0.4973025775627919	6.089827245069334	0.016279727182448786	0.9767836309469272	E	M	M	M
0.6342435707214837	0.5092554382397378	3.8626864391541704	0.024684289287997277	1.4810573572798367	M	M	E	M
0.664357116394913	0.5393267816853272	4.668528585809552	0.031907615992234954	1.9144569595340974	M	M	M	H
0.6655224837752222	0.5585401356126025	11.273021173090655	0.023908711433116916	1.434522685987015	M	M	H	M
