global	targets	interference	deformation	deformation_sum	diff_global	diff_targets	diff_interference	diff_deformation
0.5593015513353304	0.47371578691600985	4.708901267520371	0.01792638791512643	1.075583274907586	E	M	M	M
0.607235257781863	0.502782394971152	8.187065824496038	0.022397233752905938	1.3438340251743564	E	M	M	M
0.5873938591812079	0.4781704544296725	5.524880173887149	0.022192849896922	1.33157099381532	E	M	M	M
0.619154464848981	0.4636574866917835	4.8592831465655015	0.02015724467796428	1.2094346806778569	E	E	M	M
0.5398742282481079	0.455788890753184	6.430989174101321	0.025175825155793707	1.5105495093476224	E	E	M	M
