global	targets	interference	deformation	deformation_sum	diff_global	diff_targets	diff_interference	diff_deformation
0.7343052992533996	0.6660136902114587	4.010159797718988	0.025174666965675944	1.5104800179405566	M	H	M	M
0.6953529461147565	0.6619817375257575	9.121023517923764	0.0249144693431352	1.494868160588112	M	H	M	M
0.7900435798368647	0.688764339058777	3.8158597911672305	0.02534707214813198	1.5208243288879189	H	H	E	M
0.7163173533916277	0.6287720871850944	9.908371503983073	0.019520123611679353	1.1712074167007611	M	H	H	M
0.7458247301117719	0.6970004800549265	7.0419529999256865	0.01735657710435686	1.0413946262614118	H	H	M	M
