global	targets	interference	deformation	deformation_sum	diff_global	diff_targets	diff_interference	diff_deformation
0.6791603433033122	0.6842148743555697	8.226664934632	0.02725757229504733	1.6354543377028399	M	H	M	M
0.7038590720965122	0.6564930349081022	3.9635305667216927	0.014599049805106451	0.8759429883063871	M	H	E	M
0.7241660180763481	0.677876731130218	4.374848994191703	0.031743920318928066	1.9046352191356841	M	H	M	H
0.7191403846622987	0.669864160495133	6.586322140685367	0.027622549443071926	1.6573529665843156	M	H	M	M
0.7074954174412217	0.613282649478904	6.362450253484572	0.01953726930927946	1.1722361585567675	M	H	M	M
