global	targets	interference	deformation	deformation_sum	diff_global	diff_targets	diff_interference	diff_deformation
0.7546417716617918	0.7083377657235309	5.530716365305254	0.02220580243281318	1.332348145968791	H	H	M	M
0.7252387320361191	0.7009479786235354	3.9549906055371253	0.017987051553257912	1.0792230931954747	M	H	E	M
0.729442861706621	0.677165430670939	5.459621458363605	0.025901971396151267	1.5541182837690761	M	H	M	M
0.7313930189814438	0.624663870513721	4.802011530127572	0.03229737791728298	1.9378426750369788	M	H	M	H
0.6695941205513435	0.5753033506469596	5.079880525421436	0.01955480023082116	1.1732880138492696	M	M	M	M
