global	targets	interference	deformation	deformation_sum	diff_global	diff_targets	diff_interference	diff_deformation
0.7209589333165108	0.6897867080224294	5.908583123518385	0.024519210198268082	1.471152611896085	M	H	M	M
0.6982560223735702	0.6653808796709715	10.074705903739677	0.010029746982563184	0.6017848189537911	M	H	H	E
0.744370561561525	0.6442522211904039	6.651352125593863	0.013715809359434027	0.8229485615660416	H	H	M	M
0.6527896201202276	0.5479395591961296	4.31866561374181	0.01833405430888831	1.1000432585332987	M	M	M	M
0.7360596354579112	0.6181526869287931	6.6512522516025685	0.016574635894342143	0.9944781536605286	M	H	M	M
