global	targets	interference	deformation	deformation_sum	diff_global	diff_targets	diff_interference	diff_deformation
0.701094792046315	0.6399328507565857	6.72940646297393	0.0235690559895512	1.414143359373072	M	H	M	M
0.7525070903871869	0.6140745664727206	9.677807970210903	0.0280972613583401	1.6858356815004059	H	H	H	M
0.7236745327437447	0.5754353698581746	7.262072375814274	0.019324057543923915	1.159443452635435	M	M	M	M
0.6594460977312295	0.6058268941572933	9.034136126139094	0.014199591954955959	0.8519755172973575	M	M	M	M
0.7804891741990099	0.5554913335234601	4.044558979247602	0.020808901130974063	1.2485340678584438	H	M	M	M
