global	targets	interference	deformation	deformation_sum	diff_global	diff_targets	diff_interference	diff_deformation
0.6619468104287968	0.679626838100029	3.0186304435560074	0.03175086217313129	1.9050517303878773	M	H	E	H
0.7197728653214645	0.6403774022689684	5.275417210263482	0.02059306172500945	1.235583703500567	M	H	M	M
0.7308711121981212	0.6804494861767039	8.480901560118435	0.016586670572149135	0.9952002343289481	M	H	M	M
0.6695383685272326	0.656555979257787	8.533092898648325	0.02619779087687285	1.571867452612371	M	H	M	M
0.7480614187680185	0.6873276477773976	4.440610275031327	0.025640391899407377	1.5384235139644427	H	H	M	M
