global	targets	interference	deformation	deformation_sum	diff_global	diff_targets	diff_interference	diff_deformation
0.7239446486812007	0.7036227810493696	4.0798116034719065	0.01714293535413946	1.0285761212483675	M	H	M	M
0.6791541745809987	0.6884964309858694	6.408215299412101	0.03092818296463313	1.8556909778779878	M	H	M	H
0.7548812762007895	0.650117302954216	8.200663359509672	0.023034622823272302	1.3820773693963382	H	H	M	M
0.6908830747079936	0.6064274230286577	9.399749415747326	0.020093542188284606	1.2056125312970762	M	M	M	M
0.7084890329517124	0.6175576563060688	6.995246723177712	0.012607199994545537	0.7564319996727322	M	H	M	M
