global	targets	interference	deformation	deformation_sum	diff_global	diff_targets	diff_interference	diff_deformation
0.7185283987588942	0.6923880438718394	2.43951994944183	0.013569729039220832	0.81418374235325	M	H	E	M
0.6704143288152785	0.649630157508593	6.059938739658498	0.01585126896788701	0.9510761380732204	M	H	M	M
0.7289051446055077	0.7110417295323065	3.093390271787899	0.006514039526493639	0.3908423715896183	M	H	E	E
0.7133090247762346	0.6700403894277424	6.038979896762545	0.020118271972551238	1.2070963183530743	M	H	M	M
0.7006913597324884	0.6504222002851066	7.563320420479255	0.027358817406677408	1.6415290444006445	M	H	M	M
