global	targets	interference	deformation	deformation_sum	diff_global	diff_targets	diff_interference	diff_deformation
0.7598857501842694	0.6985152911659295	10.69899582262237	0.0201386835102837	1.2083210106170221	H	H	H	M
0.7329848954416746	0.6797667075466745	6.43420051256362	0.016305637362400864	0.9783382417440518	M	H	M	M
0.7608965998621081	0.7045861912515458	7.6271487035610654	0.022627883208628286	1.3576729925176971	H	H	M	M
0.718424885766787	0.6291179838717046	2.2402062018767768	0.018918947095307382	1.1351368257184429	M	H	E	M
0.6267053480467911	0.6257867580422923	4.770822639335337	0.014881631833661214	0.8928979100196729	E	H	M	M
