global	targets	interference	deformation	deformation_sum	diff_global	diff_targets	diff_interference	diff_deformation
0.6954997940000219	0.6710178092397369	5.107322632009248	0.0392319552511697	2.353917315070182	M	H	M	H
0.7045863889632799	0.6363554550458892	4.464822776553879	0.033718753180853094	2.023125190851186	M	H	M	H
0.6789682195870436	0.6602520043396202	3.165350827497386	0.02584191518412505	1.550514911047503	M	H	E	M
0.6883215243155478	0.5865206376254045	4.777880639197176	0.023843428261581548	1.430605695694893	M	M	M	M
0.7219642247591065	0.6333279962730008	4.429675903833873	0.029702902599339977	1.7821741559603985	M	H	M	H
