global	targets	interference	deformation	deformation_sum	diff_global	diff_targets	diff_interference	diff_deformation
0.6969190642542251	0.6733543943330023	4.435917010667877	0.024685171711295476	1.4811103026777286	M	H	M	M
0.7225971337325962	0.6464550585256651	7.943225499248895	0.018671248542061678	1.1202749125237006	M	H	M	M
0.6444581076190897	0.5929727016662251	8.480141840095806	0.028395278191731706	1.7037166915039024	M	M	M	M
0.6689057279782497	0.56532531689363	5.5588082564083034	0.013026055602785738	0.7815633361671442	M	M	M	M
0.6889322925420529	0.6699833609559119	5.585098443793074	0.02700931590066822	1.620558954040093	M	H	M	M
