absolute_gain	relative_gain
0.19014207271720052	0.27917927077499405
0.1810743284023799	0.2628381574682394
0.17457258031548145	0.2997142565716904
0.1667214475769535	0.24267740591787318
0.16424981472883493	0.2584350222151911
