global	targets	interference	deformation	deformation_sum	diff_global	diff_targets	diff_interference	diff_deformation
0.5808299278998368	0.49093310951023106	4.481914719261522	0.020557711753627386	1.2334627052176432	E	M	M	M
0.6625996351966773	0.5078451578189478	10.282280745828045	0.024343505001472875	1.4606103000883726	M	M	H	M
0.542675289317508	0.4078908043507879	2.912541965294616	0.025726689161140022	1.5436013496684013	E	E	E	M
0.6625206573673178	0.5202870810759996	3.4561409377679997	0.028692633474904257	1.7215580084942554	M	M	E	M
0.6086414858178774	0.4713057431864891	5.342513519298866	0.008378857150798657	0.5027314290479193	E	M	M	E
