global	targets	interference	deformation	deformation_sum	diff_global	diff_targets	diff_interference	diff_deformation
0.7296697154733877	0.7010871263821041	6.067399249716667	0.019101275161416232	1.1460765096849739	M	H	M	M
0.7720793407207683	0.689797736417747	6.799340409921208	0.029408710551869947	1.7645226331121968	H	H	M	H
0.7110064221729275	0.7005210312519619	7.956949480935135	0.029864428008638845	1.7918656805183306	M	H	M	H
0.732275065789707	0.6833894475226897	5.976609593413353	0.016475584490827682	0.9885350694496609	M	H	M	M
0.694904600133335	0.6072886043761473	3.862439603686967	0.028568179617963547	1.7140907770778129	M	M	E	M
