global	targets	interference	deformation	deformation_sum	diff_global	diff_targets	diff_interference	diff_deformation
0.6989761183126524	0.6550545694458815	6.170998656309403	0.0232466829556578	1.394800977339468	M	H	M	M
0.7513864104594171	0.6513329934888268	3.966417716688517	0.014640267029120616	0.878416021747237	H	H	E	M
0.7256811885410237	0.7333627758513208	2.6990346977614106	0.03299444543197267	1.97966672591836	M	H	E	H
0.6465984067402669	0.6134013862651856	6.186262655229499	0.024871383742835696	1.4922830245701417	M	H	M	M
0.6866711146406576	0.6166876590009968	2.8324414384403362	0.020753127162689275	1.2451876297613564	M	H	E	M
