global	targets	interference	deformation	deformation_sum	diff_global	diff_targets	diff_interference	diff_deformation
0.7179402497974879	0.7095932234706394	8.236132065915866	0.02704332612602451	1.6225995675614706	M	H	M	M
0.7494728650330469	0.6182853901772621	4.09689872891408	0.017467209037752604	1.0480325422651562	H	H	M	M
0.7539519681072783	0.6795485169104568	2.7945722884093067	0.026232559807948697	1.5739535884769218	H	H	E	M
0.7572468275997165	0.709862515321955	7.298135251038953	0.03128882712763168	1.8773296276579008	H	H	M	H
0.7483558924900001	0.6771815105743975	5.539947638026642	0.025394351890708333	1.5236611134425	H	H	M	M
