absolute_gain	relative_gain
0.25062882976647316	0.3473940599281244
0.22595920994197982	0.3369967441184531
0.21514773138957688	0.326146322404198
0.21252623771470186	0.3065194218719105
0.21085278099711513	0.292168865668132
