global	targets	interference	deformation	deformation_sum	diff_global	diff_targets	diff_interference	diff_deformation
0.5820451961283927	0.47082515772637035	5.055492324874361	0.02972833667638343	1.7837002005830058	E	M	M	H
0.6049104248529752	0.4445493747420194	4.96745038216321	0.02345209641884364	1.4071257851306183	E	E	M	M
0.5323783773981043	0.44451854908112887	7.86168894119327	0.012053950064272302	0.7232370038563382	E	E	M	M
0.5969088536903067	0.4808270134979183	2.9209399314148214	0.027554700204115785	1.6532820122469472	E	M	E	M
0.6102390641426675	0.5108284307053599	5.292733870014702	0.020137721853111298	1.2082633111866778	E	M	M	M
