absolute_gain	relative_gain
0.1754932183411239	0.27060252297463133
0.17352700371518304	0.24806590232416723
0.16800398149138662	0.23298851663599693
0.15038941920161475	0.23331237333224916
0.14487308995837966	0.22183968297206094
