global	targets	interference	deformation	deformation_sum	diff_global	diff_targets	diff_interference	diff_deformation
0.6556772160013657	0.4730344317782957	7.04490776720774	0.014498893357795877	0.8699336014677526	M	M	M	M
0.7096494713978863	0.5259927694151912	5.144633155848396	0.024983111096254597	1.4989866657752757	M	M	M	M
0.6352340475810514	0.5530786878054137	9.385768988992433	0.015929917204907	0.95579503229442	M	M	M	M
0.6492325157488834	0.49419456515249516	8.579463008623343	0.016021782688751176	0.9613069613250705	M	M	M	M
0.6628556043932642	0.5081799978276561	5.466186179628922	0.02116558721545998	1.2699352329275988	M	M	M	M
