global	targets	interference	deformation	deformation_sum	diff_global	diff_targets	diff_interference	diff_deformation
0.756405923974024	0.7020464282181363	4.708902091573082	0.017660464623253016	1.059627877395181	H	H	M	M
0.6302299295975294	0.6297770471600823	6.4319073941290945	0.02293306387897032	1.3759838327382192	M	H	M	M
0.732445217410919	0.612722863233792	4.652031661155913	0.019949069091115122	1.1969441454669074	M	H	M	M
0.7111769588526039	0.6732955185214531	8.088727073070977	0.02438890218536638	1.4633341311219827	M	H	M	M
0.7479207655961708	0.6490922482807634	4.267130283881829	0.028839232596230734	1.730353955773844	H	H	M	M
