absolute_gain	relative_gain
0.1960773008292111	0.28792989808382397
0.1913659286968516	0.30928680489447763
0.19123426617765854	0.3159121049180879
0.1819006009688534	0.25595673859973583
0.1790437849305654	0.3139397039893023
