global	targets	interference	deformation	deformation_sum	diff_global	diff_targets	diff_interference	diff_deformation
0.5712454102329347	0.48491241970383286	4.793841800493294	0.02471437521583735	1.482862512950241	E	M	M	M
0.5146127049827077	0.4273669938477806	3.959752191244952	0.01442165058336913	0.8652990350021478	E	E	E	M
0.5541146087789017	0.4141058369730049	6.969666491270302	0.013034362828064227	0.7820617696838537	E	E	M	M
0.5921223422489436	0.5287687174635434	3.0800956767703584	0.0215643898359241	1.293863390155446	E	M	E	M
0.5091081256694163	0.3912688663697187	3.678279055450689	0.022592886696591527	1.3555732017954916	E	E	E	M
