absolute_gain	relative_gain
0.20899459899876277	0.313799253784719
0.19705316395309547	0.2976716014698641
0.19315396364454307	0.28043548815041064
0.19132294575697978	0.30428027842886607
0.18381650012778383	0.2637250696201792
