global	targets	interference	deformation	deformation_sum	diff_global	diff_targets	diff_interference	diff_deformation
0.5817795911128246	0.45701909121269596	3.186383834147634	0.02042662113066254	1.2255972678397524	E	E	E	M
0.6005926506889987	0.46492857357266204	8.864038686229117	0.022187224630837537	1.3312334778502521	E	E	M	M
0.6259988759302719	0.4956103754142339	3.196437438992078	0.021170607917242026	1.2702364750345216	E	M	E	M
0.5497926331554691	0.4374491414281146	8.969717315266198	0.017937193393622416	1.076231603617345	E	E	M	M
0.596933222420277	0.5131839799271427	6.390371052744678	0.01697776461868252	1.0186658771209514	E	M	M	M
