absolute_gain	relative_gain
0.23454643530144104	0.3062007083378626
0.19689685446184646	0.31209495271073623
0.17255761758359472	0.2816322174618418
0.16376903240703222	0.2569744285223214
0.1634460019348316	0.24436594457184027
