global	targets	interference	deformation	deformation_sum	diff_global	diff_targets	diff_interference	diff_deformation
0.5700778264734363	0.5314427636609661	5.0001204232990375	0.006957697160779284	0.41746182964675704	E	M	M	E
0.49879951985185517	0.43399080569310455	6.410342824705462	0.022160666416195702	1.3296399849717422	E	E	M	M
0.5623059671386489	0.4401479142576779	5.339542666879698	0.023566325386102736	1.413979523166164	E	E	M	M
0.5470432884187798	0.47352796772155015	5.673242324227519	0.025151362509984492	1.5090817505990695	E	M	M	M
0.5766276649107525	0.5054115273792856	4.829332096642705	0.019032906634819127	1.1419743980891477	E	M	M	M
