absolute_gain	relative_gain
0.24578163532469105	0.3521128676276073
0.21439629276486516	0.29006364209428354
0.2031787586694614	0.2912402033335788
0.19526089615103903	0.26898319614954297
0.19442234564840694	0.3120404663140777
