global	targets	interference	deformation	deformation_sum	diff_global	diff_targets	diff_interference	diff_deformation
0.5519380067936905	0.45223782923128314	5.0741271733634905	0.0265402675475366	1.592416052852196	E	E	M	M
0.5971358199462353	0.5247390611764498	4.12020001562512	0.0089898002985375	0.53938801791225	E	M	M	E
0.6114471853956717	0.49445417917307205	4.516841568575072	0.027900640940795463	1.6740384564477278	E	M	M	M
0.5893043547196501	0.530661388014558	5.4121539905514835	0.01710650997925584	1.0263905987553503	E	M	M	M
0.5803137104672111	0.4286453863832304	5.196601719446729	0.030173846915530378	1.8104308149318227	E	E	M	H
