absolute_gain	relative_gain
0.2460996895310027	0.35496647391892167
0.22664293818160347	0.32959168399526506
0.2052450434419309	0.3159535358548316
0.19981198863766014	0.2819735837073243
0.19871591002307398	0.28715237222639384
