global	targets	interference	deformation	deformation_sum	diff_global	diff_targets	diff_interference	diff_deformation
0.5590674466157786	0.44720434792920727	4.081154961386373	0.026167699494174797	1.5700619696504878	E	E	M	M
0.5535838560483941	0.4610046851876179	7.553348327184365	0.02732281959086452	1.639369175451871	E	E	M	M
0.5538936312569679	0.44436010462716063	4.225745557042928	0.030556134320800628	1.8333680592480377	E	E	M	H
0.5857964222523588	0.5088075423502351	5.681924253939939	0.016595248766038424	0.9957149259623054	E	M	M	M
0.5702262088387344	0.4933066161443377	7.45146071718749	0.020675671539199077	1.2405402923519446	E	M	M	M
