global	targets	interference	deformation	deformation_sum	diff_global	diff_targets	diff_interference	diff_deformation
0.751397959330887	0.7214539874928435	5.540147097086798	0.031818322998206014	1.9090993798923608	H	H	M	H
0.7456413579840525	0.6705085846839992	5.077575729884547	0.03000431752182421	1.8002590513094527	H	H	M	H
0.6976591194078235	0.6596662804707057	8.267203237805777	0.012856279084385962	0.7713767450631577	M	H	M	M
0.7869802576610987	0.6933532512126201	3.9251940398430767	0.030505703056882816	1.830342183412969	H	H	E	H
0.7286827170281905	0.721681211702475	6.821976628536647	0.02236899381554085	1.342139628932451	M	H	M	M
