absolute_gain	relative_gain
0.15466566899847767	0.21003373765837874
0.11214988537934945	0.17271790504869056
0.10168170495366591	0.1688337095855391
0.09408902032571231	0.1440728135631997
0.09212330468159258	0.13843608047533656
