global	targets	interference	deformation	deformation_sum	diff_global	diff_targets	diff_interference	diff_deformation
0.6496945986464083	0.581719212415395	5.422368487853451	0.010654930021786425	0.6392958013071856	M	M	M	E
0.6235454602868428	0.5371741401044792	10.6137680786148	0.018769505146205134	1.126170308772308	E	M	H	M
0.5617258850529232	0.5005777917030084	8.503889593867951	0.016764823995996332	1.00588943975978	E	M	M	M
0.6434875965242264	0.5589767316278216	2.922770050862533	0.02461800534013488	1.477080320408093	M	M	E	M
0.5686973172909634	0.5733340267111801	3.2070434320943013	0.023152950384969107	1.3891770230981464	E	M	E	M
