global	targets	interference	deformation	deformation_sum	diff_global	diff_targets	diff_interference	diff_deformation
0.7314295596663463	0.6872214341407206	5.343003221305481	0.02685380610298062	1.6112283661788374	M	H	M	M
0.6892106233163987	0.599378440340541	7.493541017720959	0.028385208729649246	1.7031125237789548	M	M	M	M
0.7345319469049871	0.6440730648721815	3.402736386823571	0.025625949680760433	1.537556980845626	M	H	E	M
0.663873383493034	0.620141611117388	3.9930622274319822	0.025961561029451494	1.5576936617670896	M	H	E	M
0.6992545077487475	0.6666375681809161	3.1930641124288797	0.03266739631612213	1.9600437789673277	M	H	E	H
