global	targets	interference	deformation	deformation_sum	diff_global	diff_targets	diff_interference	diff_deformation
0.5639057493599673	0.42114174837536533	4.363244217009948	0.011592989562529358	0.6955793737517615	E	E	M	M
0.5419792819358843	0.49334821817802743	2.6220445757003303	0.0056335075814799304	0.33801045488879583	E	M	E	E
0.5319591058714412	0.46358782737889903	6.817165032526258	0.023368066174109314	1.4020839704465589	E	E	M	M
0.5706364597316974	0.4945954437042866	4.4806164444224486	0.032220757724905735	1.9332454634943441	E	M	M	H
0.5778439476875424	0.48471166701434887	5.8557604571022095	0.029681255216471556	1.7808753129882933	E	M	M	H
