global	targets	interference	deformation	deformation_sum	diff_global	diff_targets	diff_interference	diff_deformation
0.7477829901222394	0.6080282020404407	3.0913913228690335	0.03155427335973304	1.8932564015839826	H	M	E	H
0.7356390853315974	0.7142607392439828	7.595562865733074	0.020613722471639808	1.2368233482983886	M	H	M	M
0.7033308460303128	0.6834084116683101	8.982447507203204	0.02542482591112386	1.5254895546674314	M	H	M	M
0.7189388757513107	0.6856900850753906	7.934150896968103	0.028182872621822008	1.6909723573093205	M	H	M	M
0.715307010832649	0.6033696659812499	5.380810249366379	0.022402012989733898	1.344120779384034	M	M	M	M
