absolute_gain	relative_gain
0.12297992180849548	0.1736176267304875
0.11646016576186191	0.16614666039918813
0.10543197035023333	0.15569603168574447
0.09888664235560518	0.15830376466991955
0.095244849615506	0.16555587501515165
