global	targets	interference	deformation	deformation_sum	diff_global	diff_targets	diff_interference	diff_deformation
0.6268513688518816	0.5853578439150354	5.4381466495881545	0.02161174494720945	1.2967046968325668	E	M	M	M
0.6465577411850809	0.5844878128616735	3.904927003749954	0.01466024059925058	0.8796144359550347	M	M	E	M
0.6379644960639532	0.5717334603207057	5.278452655041135	0.025554413384529424	1.5332648030717655	M	M	M	M
0.6209159127467337	0.5257772281581158	4.7139418196864264	0.030886753619719647	1.8532052171831788	E	M	M	H
0.5948603820574017	0.4800585010314536	4.928094575189695	0.018815341431759957	1.1289204859055975	E	M	M	M
