absolute_gain	relative_gain
0.134261105362818	0.19901828046773348
0.11845952745489702	0.19323759290113926
0.10906969748302497	0.17584822132088404
0.09853559672820839	0.16604332219728976
0.09444108716486221	0.14675393617137308
