global	targets	interference	deformation	deformation_sum	diff_global	diff_targets	diff_interference	diff_deformation
0.618489712849145	0.5403558446343233	4.6171588254512335	0.010499132940222757	0.6299479764133654	E	M	M	E
0.5766664346169222	0.4945657419889277	4.637815872857809	0.02699552409384705	1.6197314456308232	E	M	M	M
0.6512452838217232	0.5111793824550481	5.722166740392604	0.031233688036565958	1.8740212821939575	M	M	M	H
0.6598149799315584	0.4948974629351614	6.519675374857925	0.02925313851479582	1.755188310887749	M	M	M	H
0.6659530061929471	0.5490925012942431	7.0130993624226825	0.02315663296997742	1.3893979781986452	M	M	M	M
