global	targets	interference	deformation	deformation_sum	diff_global	diff_targets	diff_interference	diff_deformation
0.7570323041781707	0.7177206304315965	6.963993767839828	0.024370251860892853	1.462215111653571	H	H	M	M
0.7342250213524195	0.6234049454097816	3.4518128022714105	0.01685760697050904	1.0114564182305423	M	H	E	M
0.776386958236148	0.6506135144731536	6.396454442628862	0.01133187439661153	0.6799124637966918	H	H	M	M
0.778375674553187	0.7074236593189628	8.385325405537925	0.016032500239289194	0.9619500143573516	H	H	M	M
