global	targets	interference	deformation	deformation_sum	diff_global	diff_targets	diff_interference	diff_deformation
0.7528701913733599	0.6864863573990394	6.143751148555391	0.02682374128493359	1.6094244770960153	H	H	M	M
0.7341606624864951	0.7414325324868738	5.321863574454013	0.033362327967710964	2.0017396780626577	M	H	M	H
0.7555675302011973	0.6859899228753183	4.753025230031583	0.021632518353166666	1.29795110119	H	H	M	M
0.6912119564355585	0.6689480837907699	2.7388435627237717	0.012815122338017541	0.7689073402810525	M	H	E	M
0.7692606660223135	0.6961122142532404	5.649229890477305	0.03535428890045453	2.1212573340272716	H	H	M	H
