absolute_gain	relative_gain
0.10710987104065461	0.1673767347840008
0.10498744375834024	0.1709685590162024
0.10036266187939841	0.1744117013595018
0.0982533087096652	0.16218050016801547
0.09810182271023976	0.17660369620527414
