global	targets	interference	deformation	deformation_sum	diff_global	diff_targets	diff_interference	diff_deformation
0.560813407101479	0.5328229797159311	6.690208760249422	0.023550602510403598	1.413036150624216	E	M	M	M
0.6293378728537242	0.5090871227143804	8.787896477939531	0.027936607596794134	1.676196455807648	E	M	M	M
0.6654745921584923	0.47507270797877615	7.05731964633706	0.018345340289868343	1.1007204173921006	M	M	M	M
0.5538534655388817	0.5075735854476281	8.677525530232192	0.014054102025469244	0.8432461215281546	E	M	M	M
0.6278394399094964	0.4573895108132204	3.957842030345056	0.01867133936538674	1.1202803619232045	E	E	E	M
