global	targets	interference	deformation	deformation_sum	diff_global	diff_targets	diff_interference	diff_deformation
0.7493566305505188	0.6376980010680307	5.865354889587182	0.021957248933820516	1.317434936029231	H	H	M	M
0.7095354313119648	0.6096494390489647	2.572038383101182	0.022772136798754512	1.3663282079252708	M	M	E	M
0.7478696725164995	0.7454225548947483	3.101397771970807	0.01034995527852154	0.6209973167112924	H	H	E	E
0.5915953656706983	0.5541993385381261	4.548671559864557	0.018452810043727525	1.1071686026236516	E	M	M	M
0.7470434496220951	0.5768118477635203	9.161399096516435	0.024088983111301344	1.4453389866780806	H	M	M	M
