global	targets	interference	deformation	deformation_sum	diff_global	diff_targets	diff_interference	diff_deformation
0.6844375295120905	0.7516507074067373	5.022879258820622	0.010027210578165012	0.6016326346899007	M	H	M	E
0.7717434439996346	0.7327533117423669	3.9794192366766983	0.021204890756990016	1.272293445419401	H	H	E	M
0.6708837378935278	0.6792306355082814	4.030028616062736	0.026250897121480845	1.5750538272888508	M	H	M	M
0.7312217737443589	0.695365894243284	5.071647933405075	0.017552519667319532	1.053151180039172	M	H	M	M
0.7011522877093502	0.66732003512221	9.248653317858942	0.02935874431799456	1.7615246590796736	M	H	M	H
