global	targets	interference	deformation	deformation_sum	diff_global	diff_targets	diff_interference	diff_deformation
0.6923621858486219	0.7093137995314112	5.465423592593274	0.021092262746063108	1.2655357647637864	M	H	M	M
0.7661886590121281	0.7129202295823936	11.073149296025772	0.02117030688492192	1.2702184130953151	H	H	H	M
0.6990049573568607	0.6513501575181919	10.1633902582837	0.01592593564531024	0.9555561387186146	M	H	H	M
0.7278798618961403	0.6574893386933282	6.275367158131269	0.03427668653378269	2.0566011920269616	M	H	M	H
0.765231999509244	0.6560586440284085	3.454061238168435	0.026474007404189627	1.5884404442513775	H	H	E	M
