global	targets	interference	deformation	deformation_sum	diff_global	diff_targets	diff_interference	diff_deformation
0.7424377639099593	0.6550109792971814	4.976882515773483	0.017377696838254166	1.0426618102952498	H	H	M	M
0.7307799011015091	0.6509480046095164	5.025692266753549	0.015070685844324645	0.9042411506594787	M	H	M	M
0.7161867186333392	0.703237467905387	5.646402957615508	0.03561906522426301	2.1371439134557804	M	H	M	H
0.7101134158076883	0.679587979434512	5.052915973566757	0.029604334704011057	1.7762600822406633	M	H	M	H
0.7083448199624862	0.648775109920915	3.7527745379088913	0.02487495738524687	1.4924974431148121	M	H	E	M
