global	targets	interference	deformation	deformation_sum	diff_global	diff_targets	diff_interference	diff_deformation
0.7305880305116779	0.680989720533044	5.348093300884852	0.026488704767928247	1.5893222860756948	M	H	M	M
0.6807317273782943	0.6187329225446322	4.1873316846008	0.016331129587732238	0.9798677752639342	M	H	M	M
0.6999952545974072	0.6053401031506634	8.042068103463478	0.013521501110494117	0.8112900666296471	M	M	M	M
0.756427730714852	0.7106693184323968	3.621285036734642	0.022354960717864743	1.3412976430718846	H	H	E	M
0.7089588702900423	0.5703126513002841	3.938578117606977	0.025010847058811368	1.5006508235286822	M	M	E	M
